Document	InvestigationMethod	Trend	Annotated Judgement	Rulebased Judgement
N196 Richter 2005	SelfMutilationObservation	Higher	Negative	Negative
N196 Richter 2005	SelfMutilationObservation	Higher	Negative	Negative
N196 Richter 2005	SelfMutilationObservation	Higher	Negative	Negative
N196 Richter 2005	SelfMutilationObservation	Higher	Negative	Negative
N211 Toft 2012	LesionVolumeTest	Higher	Negative	Negative
N211 Toft 2012	LesionVolumeTest	Higher	Negative	Negative
N211 Toft 2012	LesionVolumeTest	Higher	Negative	Negative
N211 Toft 2012	LesionVolumeTest	Higher	Negative	Negative
N185 Munoz-Quiles 2009	LesionVolumeTest	Higher	Positive	Negative
N185 Munoz-Quiles 2009	LesionVolumeTest	Higher	Positive	Negative
N208 Takeoka 2011	LesionVolumeTest	Higher	Positive	Negative
N075 Amemori 2010	BBBTest	FasterIncrease	Positive	Positive
N075 Amemori 2010	BBBTest	FasterIncrease	Positive	Positive
N078 Aoki 2010	BBBTest	Higher	Positive	Positive
N078 Aoki 2010	BBBTest	Higher	Positive	Positive
N130 Barbour 2013	BBBTest	Higher	Positive	Positive
N130 Barbour 2013	BBBTest	Higher	Positive	Positive
N131 Boyd 2004	AxonalRegenerationTest	Higher	Positive	Positive
N133 Bretzner 2008	AxonalRegenerationTest	Higher	Positive	Positive
N133 Bretzner 2008	AxonalRegenerationTest	Higher	Positive	Positive
N133 Bretzner 2008	AxonalRegenerationTest	Higher	Positive	Positive
N134 Cao 2004	AxonalRegenerationTest	Higher	Positive	Positive
N134 Cao 2004	BBBTest	Higher	Positive	Positive
N134 Cao 2004	BBBTest	Higher	Positive	Positive
N141 Deng 2008	BBBTest	Higher	Positive	Positive
N141 Deng 2008	AxonalRegenerationTest	Higher	Positive	Positive
N141 Deng 2008	BBBTest	Higher	Positive	Positive
N141 Deng 2008	AxonalRegenerationTest	Higher	Positive	Positive
N141 Deng 2008	BBBTest	Higher	Positive	Positive
N141 Deng 2008	BBBTest	Higher	Positive	Positive
N141 Deng 2008	BBBTest	Higher	Positive	Positive
N141 Deng 2008	AxonalRegenerationTest	Higher	Positive	Positive
N141 Deng 2008	BBBTest	Higher	Positive	Positive
N144 Ferrero-Gutierrez 2013	BBBTest	FasterIncrease	Positive	Positive
N144 Ferrero-Gutierrez 2013	BBBTest	FasterIncrease	Positive	Positive
N145 Fouad 2005	BBBTest	Higher	Positive	Positive
N145 Fouad 2005	BBBTest	Higher	Positive	Positive
N145 Fouad 2005	AxonalRegenerationTest	Higher	Positive	Positive
N148 Gorrie 2010	BBBTest	Higher	Positive	Positive
N148 Gorrie 2010	BBBTest	Higher	Positive	Positive
N154 Iwatsuki 2008	BBBTest	Higher	Positive	Positive
N160 Kubasak 2008	AxonalRegenerationTest	Higher	Positive	Positive
N160 Kubasak 2008	AxonalRegenerationTest	Higher	Positive	Positive
N162 Lebedev 2010	BBBTest	FasterIncrease	Positive	Positive
N162 Lebedev 2010	BBBTest	FasterIncrease	Positive	Positive
N170 Liu 2010	AxonalRegenerationTest	Higher	Positive	Positive
N170 Liu 2010	AxonalRegenerationTest	Higher	Positive	Positive
N171 L+¦pez Vales 2007	BBBTest	Higher	Positive	Positive
N171 L+¦pez Vales 2007	AxonalRegenerationTest	Higher	Positive	Positive
N172 L+¦pez-Vales 2004	TissueSparingTest	Higher	Positive	Positive
N172 L+¦pez-Vales 2004	BBBTest	Higher	Positive	Positive
N174 L+¦pez-Vales 2006 3	AxonalRegenerationTest	Higher	Positive	Positive
N174 L+¦pez-Vales 2006 3	AxonalRegenerationTest	Higher	Positive	Positive
N174 L+¦pez-Vales 2006 3	AxonalRegenerationTest	Higher	Positive	Positive
N174 L+¦pez-Vales 2006 3	AxonalRegenerationTest	Higher	Positive	Positive
N174 L+¦pez-Vales 2006 3	AxonalRegenerationTest	Higher	Positive	Positive
N174 L+¦pez-Vales 2006 3	AxonalRegenerationTest	Higher	Positive	Positive
N174 L+¦pez-Vales 2006 3	AxonalRegenerationTest	Higher	Positive	Positive
N174 L+¦pez-Vales 2006 3	AxonalRegenerationTest	Higher	Positive	Positive
N174 L+¦pez-Vales 2006 3	AxonalRegenerationTest	Higher	Positive	Positive
N175 L+¦pez-Vales2006 2	BBBTest	Higher	Positive	Positive
N175 L+¦pez-Vales2006 2	BBBTest	Higher	Positive	Positive
N175 L+¦pez-Vales2006 2	BBBTest	Higher	Positive	Positive
N179 Masgutova 2010	BBBTest	Higher	Positive	Positive
N180 Mayeur 2013	AxonalRegenerationTest	Higher	Positive	Positive
N180 Mayeur 2013	AxonalRegenerationTest	Higher	Positive	Positive
N180 Mayeur 2013	AxonalRegenerationTest	Higher	Positive	Positive
N182 Moon 2006	BBBTest	Higher	Positive	Positive
N184 Moriwaki 2014	AxonalRegenerationTest	Higher	Positive	Positive
N184 Moriwaki 2014	AxonalRegenerationTest	Higher	Positive	Positive
N185 Munoz-Quiles 2009	AxonalRegenerationTest	Higher	Positive	Positive
N185 Munoz-Quiles 2009	AxonalRegenerationTest	Higher	Positive	Positive
N185 Munoz-Quiles 2009	AxonalRegenerationTest	Higher	Positive	Positive
N185 Munoz-Quiles 2009	AxonalRegenerationTest	Higher	Positive	Positive
N185 Munoz-Quiles 2009	AxonalRegenerationTest	Higher	Positive	Positive
N185 Munoz-Quiles 2009	AxonalRegenerationTest	Higher	Positive	Positive
N185 Munoz-Quiles 2009	AxonalRegenerationTest	Higher	Positive	Positive
N185 Munoz-Quiles 2009	AxonalRegenerationTest	Higher	Positive	Positive
N185 Munoz-Quiles 2009	AxonalRegenerationTest	Higher	Positive	Positive
N185 Munoz-Quiles 2009	AxonalRegenerationTest	Higher	Positive	Positive
N185 Munoz-Quiles 2009	AxonalRegenerationTest	Higher	Positive	Positive
N185 Munoz-Quiles 2009	AxonalRegenerationTest	Higher	Positive	Positive
N185 Munoz-Quiles 2009	AxonalRegenerationTest	Higher	Positive	Positive
N185 Munoz-Quiles 2009	AxonalRegenerationTest	Higher	Positive	Positive
N185 Munoz-Quiles 2009	AxonalRegenerationTest	Higher	Positive	Positive
N185 Munoz-Quiles 2009	AxonalRegenerationTest	Higher	Positive	Positive
N185 Munoz-Quiles 2009	AxonalRegenerationTest	Higher	Positive	Positive
N185 Munoz-Quiles 2009	AxonalRegenerationTest	Higher	Positive	Positive
N185 Munoz-Quiles 2009	AxonalRegenerationTest	Higher	Positive	Positive
N190 Pearse 2004	BBBTest	Higher	Positive	Positive
N191 Pearse 2007	BBBSubscoreTest	Higher	Positive	Positive
N191 Pearse 2007	BBBTest	Higher	Positive	Positive
N191 Pearse 2007	BBBTest	Higher	Positive	Positive
N200 Sasaki 2004	BBBTest	Higher	Positive	Positive
N201 Sasaki 2006	BBBTest	Higher	Positive	Positive
N209 Tharion 2011	BBBTest	FasterIncrease	Positive	Positive
N211 Toft 2012	AxonalRegenerationTest	Higher	Positive	Positive
N211 Toft 2012	AxonalRegenerationTest	Higher	Positive	Positive
N211 Toft 2012	AxonalRegenerationTest	Higher	Positive	Positive
N211 Toft 2012	AxonalRegenerationTest	Higher	Positive	Positive
N211 Toft 2012	AxonalRegenerationTest	Higher	Positive	Positive
N211 Toft 2012	AxonalRegenerationTest	Higher	Positive	Positive
N212 Torres-Esp¡n 2014	NeuroprotectionTest	Higher	Positive	Positive
N212 Torres-Esp¡n 2014	NeuroprotectionTest	Higher	Positive	Positive
N212 Torres-Esp¡n 2014	TissueSparingTest	Higher	Positive	Positive
N212 Torres-Esp¡n 2014	NeuroprotectionTest	Higher	Positive	Positive
N212 Torres-Esp¡n 2014	TissueSparingTest	Higher	Positive	Positive
N212 Torres-Esp¡n 2014	TissueSparingTest	Higher	Positive	Positive
N212 Torres-Esp¡n 2014	TissueSparingTest	Higher	Positive	Positive
N212 Torres-Esp¡n 2014	NeuroprotectionTest	Higher	Positive	Positive
N212 Torres-Esp¡n 2014	TissueSparingTest	Higher	Positive	Positive
N212 Torres-Esp¡n 2014	TissueSparingTest	Higher	Positive	Positive
N212 Torres-Esp¡n 2014	TissueSparingTest	Higher	Positive	Positive
N212 Torres-Esp¡n 2014	NeuroprotectionTest	Higher	Positive	Positive
N212 Torres-Esp¡n 2014	NeuroprotectionTest	Higher	Positive	Positive
N212 Torres-Esp¡n 2014	TissueSparingTest	Higher	Positive	Positive
N212 Torres-Esp¡n 2014	NeuroprotectionTest	Higher	Positive	Positive
N212 Torres-Esp¡n 2014	NeuroprotectionTest	Higher	Positive	Positive
N216 Verdu 2003	BBBTest	Higher	Positive	Positive
N218 Plant 2003	TissueSparingTest	Higher	Positive	Positive
N218 Plant 2003	TissueSparingTest	Higher	Positive	Positive
N218 Plant 2003	TissueSparingTest	Higher	Positive	Positive
N218 Plant 2003	TissueSparingTest	Higher	Positive	Positive
N221 Takami 2002	TissueSparingTest	Higher	Positive	Positive
N221 Takami 2002	BBBTest	Higher	Positive	Positive
N221 Takami 2002	TissueSparingTest	Higher	Positive	Positive
N221 Takami 2002	TissueSparingTest	Higher	Positive	Positive
N221 Takami 2002	AxonalSproutingTest	Higher	Positive	Positive
N221 Takami 2002	AxonalSproutingTest	Higher	Positive	Positive
N223 Wu 2008	BBBTest	Higher	Positive	Positive
N223 Wu 2008	BBBTest	Higher	Positive	Positive
N223 Wu 2008	BBBTest	Higher	Positive	Positive
N223 Wu 2008	BBBTest	Higher	Positive	Positive
N223 Wu 2008	BBBTest	Higher	Positive	Positive
N223 Wu 2008	BBBTest	Higher	Positive	Positive
N224 Wu 2015	BBBTest	Higher	Positive	Positive
N224 Wu 2015	BBBTest	Higher	Positive	Positive
N224 Wu 2015	BBBTest	Higher	Positive	Positive
N225 Xiao 2005	NeuroprotectionTest	Higher	Positive	Positive
N228 Yazdani 2012	BBBTest	Higher	Positive	Positive
N228 Yazdani 2012	BBBTest	Higher	Positive	Positive
N228 Yazdani 2012	BBBTest	Higher	Positive	Positive
N232 Zhang 2012	BBBTest	Higher	Positive	Positive
N232 Zhang 2012	BBBTest	Higher	Positive	Positive
N233 Zhang 2015	BBBTest	Higher	Positive	Positive
N233 Zhang 2015	BBBTest	Higher	Positive	Positive
N233 Zhang 2015	BBBTest	Higher	Positive	Positive
N233 Zhang 2015	BBBTest	Higher	Positive	Positive
N233 Zhang 2015	BBBTest	Higher	Positive	Positive
N234 Zhang 2016	BBBTest	FasterIncrease	Positive	Positive
N234 Zhang 2016	BBBTest	FasterIncrease	Positive	Positive
N234 Zhang 2016	BBBTest	FasterIncrease	Positive	Positive
N246 Gu 2017	BBBTest	Higher	Positive	Positive
N246 Gu 2017	AxonalRegenerationTest	Higher	Positive	Positive
N246 Gu 2017	BBBTest	Higher	Positive	Positive
N246 Gu 2017	AxonalRegenerationTest	Higher	Positive	Positive
N246 Gu 2017	AxonalRegenerationTest	Higher	Positive	Positive
N253 Salehi 2009	TissueSparingTest	Higher	Positive	Positive
N253 Salehi 2009	TissueSparingTest	Higher	Positive	Positive
N253 Salehi 2009	TissueSparingTest	Higher	Positive	Positive
N253 Salehi 2009	TissueSparingTest	Higher	Positive	Positive
N253 Salehi 2009	TissueSparingTest	Higher	Positive	Positive
N253 Salehi 2009	TissueSparingTest	Higher	Positive	Positive
N253 Salehi 2009	TissueSparingTest	Higher	Positive	Positive
N254 Tsa 2017	BBBTest	Higher	Positive	Positive
N254 Tsa 2017	BBBTest	Higher	Positive	Positive
N254 Tsa 2017	BBBTest	Higher	Positive	Positive
N175 L+¦pez-Vales2006 2	CystVolumeTest	Higher		Negative
N175 L+¦pez-Vales2006 2	LesionVolumeTest	Higher		Negative
N175 L+¦pez-Vales2006 2	LesionVolumeTest	Higher		Negative
N175 L+¦pez-Vales2006 2	CystVolumeTest	Higher		Negative
N182 Moon 2006	MortalityObservation	Higher		Negative
N190 Pearse 2004	LesionVolumeTest	Higher		Negative
N190 Pearse 2004	CystVolumeTest	Higher		Negative
N196 Richter 2005	LesionVolumeTest	Higher		Negative
N196 Richter 2005	LesionVolumeTest	Higher		Negative
N196 Richter 2005	LesionVolumeTest	Higher		Negative
N196 Richter 2005	CystVolumeTest	Higher		Negative
N196 Richter 2005	CystVolumeTest	Higher		Negative
N196 Richter 2005	CystVolumeTest	Higher		Negative
N196 Richter 2005	CystVolumeTest	Higher		Negative
N224 Wu 2015	ApoptosisTest	Higher		Negative
N224 Wu 2015	ApoptosisTest	Higher		Negative
N224 Wu 2015	ApoptosisTest	Higher		Negative
N224 Wu 2015	ApoptosisTest	Higher		Negative
N224 Wu 2015	ApoptosisTest	Higher		Negative
N224 Wu 2015	ApoptosisTest	Higher		Negative
N224 Wu 2015	ApoptosisTest	Higher		Negative
N224 Wu 2015	ApoptosisTest	Higher		Negative
N075 Amemori 2010	TissueSparingTest	Higher		Positive
N075 Amemori 2010	TissueSparingTest	Higher		Positive
N075 Amemori 2010	TissueSparingTest	Higher		Positive
N133 Bretzner 2008	AxonalSproutingTest	Higher		Positive
N133 Bretzner 2008	AxonalSproutingTest	Higher		Positive
N133 Bretzner 2008	AxonalSproutingTest	Higher		Positive
N133 Bretzner 2008	AxonalSproutingTest	Higher		Positive
N133 Bretzner 2008	AxonalSproutingTest	Higher		Positive
N133 Bretzner 2008	AxonalSproutingTest	Higher		Positive
N133 Bretzner 2008	AxonalSproutingTest	Higher		Positive
N133 Bretzner 2008	AxonalSproutingTest	Higher		Positive
N133 Bretzner 2008	AxonalSproutingTest	Higher		Positive
N134 Cao 2004	AxonalRegenerationTest	Higher		Positive
N134 Cao 2004	AxonalRegenerationTest	Higher		Positive
N136 Centenaro 2011	TissueSparingTest	Higher		Positive
N136 Centenaro 2011	TissueSparingTest	Higher		Positive
N138 Chuah 2004	AxonalSproutingTest	Higher		Positive
N138 Chuah 2004	AxonalSproutingTest	Higher		Positive
N138 Chuah 2004	AxonalSproutingTest	Higher		Positive
N138 Chuah 2004	AxonalSproutingTest	Higher		Positive
N141 Deng 2008	BBBTest	Higher		Positive
N142 Deumens 2006 2	AxonalRegenerationTest	Higher		Positive
N143 Deumens 2006	AxonalRegenerationTest	Higher		Positive
N143 Deumens 2006	AxonalRegenerationTest	Higher		Positive
N144 Ferrero-Gutierrez 2013	BBBTest	FasterIncrease		Positive
N144 Ferrero-Gutierrez 2013	BBBTest	FasterIncrease		Positive
N145 Fouad 2005	AxonalRegenerationTest	Higher		Positive
N147 Garc%2B¡a-Al%2B¡as 2004	TissueSparingTest	FasterIncrease		Positive
N147 Garc%2B¡a-Al%2B¡as 2004	TissueSparingTest	FasterIncrease		Positive
N150 Guest 2008	AxonalSproutingTest	FasterIncrease		Positive
N153 Imaizumi 2000	AxonalRegenerationTest	FasterIncrease		Positive
N153 Imaizumi 2000	AxonalRegenerationTest	FasterIncrease		Positive
N162 Lebedev 2010	BBBTest	FasterIncrease		Positive
N162 Lebedev 2010	GaitTest	FasterIncrease		Positive
N162 Lebedev 2010	GaitTest	FasterIncrease		Positive
N166 Li 2011	NeuroprotectionTest	Higher		Positive
N171 L+¦pez Vales 2007	AxonalRegenerationTest	Higher		Positive
N175 L+¦pez-Vales2006 2	TissueSparingTest	Higher		Positive
N175 L+¦pez-Vales2006 2	TissueSparingTest	Higher		Positive
N175 L+¦pez-Vales2006 2	TissueSparingTest	Higher		Positive
N179 Masgutova 2010	TissueSparingTest	Higher		Positive
N189 Novikova 2011	NeuroprotectionTest	Higher		Positive
N189 Novikova 2011	NeuroprotectionTest	Higher		Positive
N190 Pearse 2004	TissueSparingTest	Higher		Positive
N190 Pearse 2004	TissueSparingTest	Higher		Positive
N190 Pearse 2004	TissueSparingTest	Higher		Positive
N190 Pearse 2004	BBBSubscoreTest	Higher		Positive
N190 Pearse 2004	BBBSubscoreTest	Higher		Positive
N196 Richter 2005	AxonalSproutingTest	Higher		Positive
N196 Richter 2005	AxonalSproutingTest	Higher		Positive
N197 Rochkind 2006	BBBTest	Higher		Positive
N197 Rochkind 2006	BBBTest	Higher		Positive
N199 Ruitenberg 2005	TissueSparingTest	Higher		Positive
N199 Ruitenberg 2005	TissueSparingTest	Higher		Positive
N199 Ruitenberg 2005	TissueSparingTest	Higher		Positive
N201 Sasaki 2006	NeuroprotectionTest	Higher		Positive
N208 Takeoka 2011	AxonalSproutingTest	Higher		Positive
N212 Torres-Esp¡n 2014	BBBTest	Higher		Positive
N212 Torres-Esp¡n 2014	BBBTest	Higher		Positive
N212 Torres-Esp¡n 2014	BBBTest	Higher		Positive
N212 Torres-Esp¡n 2014	BBBTest	Higher		Positive
N221 Takami 2002	AxonalSproutingTest	Higher		Positive
N253 Salehi 2009	TissueSparingTest	Higher		Positive
N253 Salehi 2009	TissueSparingTest	Higher		Positive
N253 Salehi 2009	TissueSparingTest	Higher		Positive
N075 Amemori 2010	TissueSparingTest			
N075 Amemori 2010	ThermalHyperalgesiaTest	ObservedDifference		
N075 Amemori 2010	MotorEvokedPotentialsTest	Higher		
N075 Amemori 2010	ThermalHyperalgesiaTest	ObservedDifference		
N075 Amemori 2010	BBBTest			
N075 Amemori 2010	BBBTest	None		
N075 Amemori 2010	MotorEvokedPotentialsTest	Higher		
N075 Amemori 2010	TissueSparingTest	Lower		
N075 Amemori 2010	TissueSparingTest	ObservedDifference		
N075 Amemori 2010	MotorEvokedPotentialsTest	ObservedDifference		
N075 Amemori 2010	TissueSparingTest	Lower		
N075 Amemori 2010	BBBTest	None		
N075 Amemori 2010	ThermalHyperalgesiaTest	ObservedDifference		
N075 Amemori 2010	BBBTest			
N075 Amemori 2010	BBBTest			
N075 Amemori 2010	ThermalHyperalgesiaTest	ObservedDifference		
N075 Amemori 2010	TissueSparingTest	ObservedDifference		
N075 Amemori 2010	ThermalHyperalgesiaTest	ObservedDifference		
N075 Amemori 2010	MotorEvokedPotentialsTest	ObservedDifference		
N075 Amemori 2010	TissueSparingTest	ObservedDifference		
N075 Amemori 2010	TissueSparingTest			
N075 Amemori 2010	ThermalHyperalgesiaTest	ObservedDifference		
N075 Amemori 2010	TissueSparingTest	ObservedDifference		
N075 Amemori 2010	BBBTest	None		
N075 Amemori 2010	MotorEvokedPotentialsTest	Higher		
N075 Amemori 2010	TissueSparingTest	Lower		
N078 Aoki 2010	AxonalChangesTest	Higher		
N078 Aoki 2010	CystVolumeTest	None		
N078 Aoki 2010	CystVolumeTest	None		
N078 Aoki 2010	AxonalChangesTest	Lower		
N078 Aoki 2010	AxonalChangesTest	Higher		
N078 Aoki 2010	CystVolumeTest	None		
N130 Barbour 2013	AxonalChangesTest	None		
N130 Barbour 2013	AxonalChangesTest	None		
N130 Barbour 2013	AxonalChangesTest	None		
N130 Barbour 2013	HistologicalInvestigationTest	None		
N130 Barbour 2013	TissueSparingTest	None		
N130 Barbour 2013	AxonalChangesTest	Higher		
N130 Barbour 2013	AstrogliosisTest	Lower		
N130 Barbour 2013	HistologicalInvestigationTest	Higher		
N130 Barbour 2013	AngiogenesisTest	Higher		
N130 Barbour 2013	TissueSparingTest	ObservedDifference		
N130 Barbour 2013	HistologicalInvestigationTest	Higher		
N130 Barbour 2013	BBBTest	None		
N130 Barbour 2013	AxonalChangesTest	None		
N130 Barbour 2013	AxonalChangesTest	None		
N130 Barbour 2013	TissueSparingTest	None		
N130 Barbour 2013	TissueSparingTest	ObservedDifference		
N130 Barbour 2013	AxonalChangesTest	None		
N130 Barbour 2013	LadderRungTest	None		
N130 Barbour 2013	AxonalChangesTest	None		
N130 Barbour 2013	HistologicalInvestigationTest	None		
N130 Barbour 2013	AxonalChangesTest	ObservedDifference		
N130 Barbour 2013	AxonalChangesTest	ObservedDifference		
N130 Barbour 2013	AstrogliosisTest	Lower		
N130 Barbour 2013	HistologicalInvestigationTest	None		
N130 Barbour 2013	AxonalChangesTest	ObservedDifference		
N130 Barbour 2013	AxonalChangesTest	ObservedDifference		
N130 Barbour 2013	LadderRungTest	None		
N130 Barbour 2013	HistologicalInvestigationTest	Higher		
N130 Barbour 2013	AstrogliosisTest	ObservedDifference		
N130 Barbour 2013	AxonalChangesTest	Higher		
N130 Barbour 2013	AstrogliosisTest	ObservedDifference		
N130 Barbour 2013	LadderRungTest	None		
N130 Barbour 2013	BBBTest	None		
N130 Barbour 2013	LadderRungTest	None		
N130 Barbour 2013	AxonalChangesTest	Higher		
N130 Barbour 2013	TissueSparingTest	ObservedDifference		
N130 Barbour 2013	AngiogenesisTest	Higher		
N130 Barbour 2013	LadderRungTest	None		
N130 Barbour 2013	AxonalChangesTest	None		
N130 Barbour 2013	AxonalChangesTest	None		
N130 Barbour 2013	HistologicalInvestigationTest	None		
N130 Barbour 2013	AngiogenesisTest	Higher		
N130 Barbour 2013	AxonalChangesTest	None		
N130 Barbour 2013	AxonalChangesTest	Higher		
N130 Barbour 2013	AngiogenesisTest	Higher		
N130 Barbour 2013	AxonalChangesTest	None		
N130 Barbour 2013	TissueSparingTest	None		
N130 Barbour 2013	LadderRungTest	None		
N130 Barbour 2013	AxonalChangesTest	Higher		
N133 Bretzner 2008	NeuroprotectionTest	Lower		
N133 Bretzner 2008	SinglePelletReachingTest	Higher		
N133 Bretzner 2008	AxonalRegenerationTest	Lower		
N133 Bretzner 2008	LesionVolumeTest	Lower		
N133 Bretzner 2008	SensoryTest	Lower		
N133 Bretzner 2008	AstrogliosisTest	Lower		
N133 Bretzner 2008	AxonalRegenerationTest	Lower		
N133 Bretzner 2008	SinglePelletReachingTest	Lower		
N133 Bretzner 2008	NeuroprotectionTest	Lower		
N133 Bretzner 2008	AstrogliosisTest	Lower		
N133 Bretzner 2008	RearingTest	Lower		
N133 Bretzner 2008	SinglePelletReachingTest	Higher		
N133 Bretzner 2008	ThermalHyperalgesiaTest	Lower		
N133 Bretzner 2008	AxonalRegenerationTest	Lower		
N133 Bretzner 2008	RearingTest	Lower		
N133 Bretzner 2008	SinglePelletReachingTest	Lower		
N133 Bretzner 2008	LesionVolumeTest	Lower		
N133 Bretzner 2008	ThermalHyperalgesiaTest	Lower		
N133 Bretzner 2008	SinglePelletReachingTest	Lower		
N133 Bretzner 2008	SensoryTest	Lower		
N133 Bretzner 2008	AstrogliosisTest	Lower		
N133 Bretzner 2008	RearingTest	Lower		
N133 Bretzner 2008	LesionVolumeTest	Lower		
N133 Bretzner 2008	ThermalHyperalgesiaTest	None		
N133 Bretzner 2008	NeuroprotectionTest	Lower		
N133 Bretzner 2008	ThermalHyperalgesiaTest	None		
N133 Bretzner 2008	ThermalHyperalgesiaTest	Lower		
N134 Cao 2004	InclinedPlaneTest	Higher		
N134 Cao 2004	InclinedPlaneTest	Higher		
N134 Cao 2004	AxonalRegenerationTest	None		
N134 Cao 2004	GeneExpressionAnalysis	Higher		
N136 Centenaro 2011	AxonalRegenerationTest	None		
N136 Centenaro 2011	AxonalRegenerationTest	None		
N136 Centenaro 2011	AxonalSproutingTest	None		
N136 Centenaro 2011	AxonalSproutingTest	None		
N136 Centenaro 2011	AxonalSproutingTest	None		
N136 Centenaro 2011	TissueSparingTest	None		
N136 Centenaro 2011	AxonalRegenerationTest	None		
N136 Centenaro 2011	AxonalRegenerationTest	None		
N136 Centenaro 2011	BBBTest	None		
N136 Centenaro 2011	BBBTest	None		
N136 Centenaro 2011	AxonalSproutingTest	None		
N136 Centenaro 2011	AxonalSproutingTest	None		
N136 Centenaro 2011	BBBTest	None		
N136 Centenaro 2011	BBBTest	None		
N136 Centenaro 2011	AxonalSproutingTest	None		
N136 Centenaro 2011	AxonalSproutingTest	None		
N136 Centenaro 2011	AxonalSproutingTest	None		
N136 Centenaro 2011	BBBTest	None		
N136 Centenaro 2011	AxonalSproutingTest	None		
N136 Centenaro 2011	AxonalRegenerationTest	None		
N136 Centenaro 2011	AxonalRegenerationTest	None		
N136 Centenaro 2011	AxonalSproutingTest	None		
N136 Centenaro 2011	BBBTest	None		
N136 Centenaro 2011	AxonalSproutingTest	None		
N136 Centenaro 2011	AxonalSproutingTest	None		
N136 Centenaro 2011	BBBTest	None		
N136 Centenaro 2011	AxonalSproutingTest	None		
N136 Centenaro 2011	AxonalSproutingTest	None		
N136 Centenaro 2011	AxonalSproutingTest	None		
N136 Centenaro 2011	AxonalSproutingTest	None		
N136 Centenaro 2011	AxonalSproutingTest	None		
N136 Centenaro 2011	BBBTest	None		
N136 Centenaro 2011	AxonalSproutingTest	None		
N136 Centenaro 2011	AxonalSproutingTest	None		
N136 Centenaro 2011	AxonalSproutingTest	None		
N136 Centenaro 2011	AxonalRegenerationTest	None		
N136 Centenaro 2011	BBBTest	None		
N136 Centenaro 2011	AxonalRegenerationTest	None		
N136 Centenaro 2011	AxonalSproutingTest	None		
N136 Centenaro 2011	AxonalRegenerationTest	None		
N136 Centenaro 2011	AxonalRegenerationTest	None		
N136 Centenaro 2011	BBBTest	None		
N136 Centenaro 2011	AxonalSproutingTest	None		
N136 Centenaro 2011	BBBTest	None		
N136 Centenaro 2011	AxonalSproutingTest	None		
N136 Centenaro 2011	AxonalSproutingTest	None		
N136 Centenaro 2011	AxonalSproutingTest	None		
N136 Centenaro 2011	AxonalRegenerationTest	None		
N136 Centenaro 2011	BBBTest	None		
N136 Centenaro 2011	BBBTest	None		
N136 Centenaro 2011	AxonalRegenerationTest	None		
N136 Centenaro 2011	AxonalRegenerationTest	None		
N136 Centenaro 2011	AxonalSproutingTest	None		
N136 Centenaro 2011	BBBTest	None		
N136 Centenaro 2011	BBBTest	None		
N136 Centenaro 2011	AxonalRegenerationTest	None		
N136 Centenaro 2011	AxonalSproutingTest	None		
N136 Centenaro 2011	AxonalSproutingTest	None		
N136 Centenaro 2011	AxonalSproutingTest	None		
N136 Centenaro 2011	AxonalRegenerationTest	None		
N136 Centenaro 2011	BBBTest	None		
N136 Centenaro 2011	AxonalSproutingTest	None		
N136 Centenaro 2011	AxonalSproutingTest	None		
N136 Centenaro 2011	AxonalSproutingTest	None		
N136 Centenaro 2011	BBBTest	None		
N136 Centenaro 2011	AxonalSproutingTest	None		
N136 Centenaro 2011	BBBTest	None		
N137 Centenaro 2013	MyelinationTest	None		
N137 Centenaro 2013	HReflexTest	None		
N137 Centenaro 2013	MyelinationTest	Lower		
N137 Centenaro 2013	MyelinationTest	None		
N137 Centenaro 2013	MyelinationTest	None		
N137 Centenaro 2013	SensoryTest	None		
N137 Centenaro 2013	MyelinationTest	Lower		
N137 Centenaro 2013	SensoryTest	None		
N137 Centenaro 2013	HReflexTest	Lower		
N137 Centenaro 2013	SensoryTest	Lower		
N137 Centenaro 2013	MyelinationTest	Lower		
N137 Centenaro 2013	HReflexTest	None		
N137 Centenaro 2013	MyelinationTest	None		
N138 Chuah 2004	AxonalRegenerationTest	None		
N138 Chuah 2004	AxonalRegenerationTest	None		
N138 Chuah 2004	AxonalRegenerationTest	None		
N138 Chuah 2004	AxonalRegenerationTest	None		
N138 Chuah 2004	AxonalRegenerationTest	None		
N138 Chuah 2004	AxonalRegenerationTest	None		
N138 Chuah 2004	AxonalSproutingTest	None		
N139 Collazos-Castro 2005	AxonalRegenerationTest	None		
N139 Collazos-Castro 2005	AxonalRegenerationTest	None		
N139 Collazos-Castro 2005	WalkingAnalysisTest	None		
N139 Collazos-Castro 2005	WalkingAnalysisTest	None		
N141 Deng 2008	MotorEvokedPotentialsTest	ObservedDifference		
N141 Deng 2008	MotorEvokedPotentialsTest	ObservedDifference		
N141 Deng 2008	MotorEvokedPotentialsTest	ObservedDifference		
N142 Deumens 2006 2	BBBTest	None		
N142 Deumens 2006 2	AutomatedGaitAnalysis	None		
N142 Deumens 2006 2	AxonalRegenerationTest	None		
N142 Deumens 2006 2	AutomatedGaitAnalysis	None		
N142 Deumens 2006 2	BBBTest	None		
N142 Deumens 2006 2	AutomatedGaitAnalysis	None		
N143 Deumens 2006	BBBTest	None		
N143 Deumens 2006	CystVolumeTest	None		
N143 Deumens 2006	AutomatedGaitAnalysis	None		
N143 Deumens 2006	AutomatedGaitAnalysis	Higher		
N143 Deumens 2006	BBBTest	None		
N143 Deumens 2006	AutomatedGaitAnalysis	None		
N143 Deumens 2006	LesionVolumeTest	None		
N143 Deumens 2006	AutomatedGaitAnalysis	Higher		
N144 Ferrero-Gutierrez 2013	HistologicalInvestigationTest	None		
N144 Ferrero-Gutierrez 2013	HistologicalInvestigationTest	None		
N144 Ferrero-Gutierrez 2013	HistologicalInvestigationTest	None		
N144 Ferrero-Gutierrez 2013	ScarringTest	Lower		
N144 Ferrero-Gutierrez 2013	BBBTest	None		
N144 Ferrero-Gutierrez 2013	ScarringTest	Lower		
N145 Fouad 2005	SpasticityObservation	None		
N145 Fouad 2005	SpasticityObservation	None		
N145 Fouad 2005	AngiogenesisTest	None		
N145 Fouad 2005	BBBTest	None		
N145 Fouad 2005	HistologicalInvestigationTest	Lower		
N145 Fouad 2005	AngiogenesisTest	None		
N145 Fouad 2005	BBBTest	None		
N145 Fouad 2005	AngiogenesisTest	None		
N145 Fouad 2005	HistologicalInvestigationTest	Higher		
N145 Fouad 2005	OpenFieldTest			
N145 Fouad 2005	MyelinationTest	Higher		
N145 Fouad 2005	OpenFieldTest	Lower		
N145 Fouad 2005	HindpawSensationTest	Higher		
N145 Fouad 2005	HindpawSensationTest	Higher		
N145 Fouad 2005	MyelinationTest	Lower		
N145 Fouad 2005	OpenFieldTest			
N145 Fouad 2005	SpasticityObservation	None		
N145 Fouad 2005	HistologicalInvestigationTest	Lower		
N146 Fouad 2009	HistologicalInvestigationTest	Higher		
N146 Fouad 2009	HistologicalInvestigationTest	Higher		
N146 Fouad 2009	HistologicalInvestigationTest	Higher		
N146 Fouad 2009	HistologicalInvestigationTest	None		
N146 Fouad 2009	AxonalChangesTest	None		
N146 Fouad 2009	HistologicalInvestigationTest	Higher		
N146 Fouad 2009	NonFunctionalTest	ObservedDifference		
N146 Fouad 2009	InvestigationMethod	Lower		
N147 Garc%2B¡a-Al%2B¡as 2004	InclinedPlaneTest			
N147 Garc%2B¡a-Al%2B¡as 2004	AstrogliosisTest	FasterDecrease		
N147 Garc%2B¡a-Al%2B¡as 2004	SomatosensoryEvokedPotentialsTest			
N147 Garc%2B¡a-Al%2B¡as 2004	BBBTest	None		
N147 Garc%2B¡a-Al%2B¡as 2004	InclinedPlaneTest	None		
N147 Garc%2B¡a-Al%2B¡as 2004	InclinedPlaneTest			
N147 Garc%2B¡a-Al%2B¡as 2004	InclinedPlaneTest	None		
N147 Garc%2B¡a-Al%2B¡as 2004	MotorEvokedPotentialsTest	FasterDecrease		
N147 Garc%2B¡a-Al%2B¡as 2004	AstrogliosisTest	FasterDecrease		
N147 Garc%2B¡a-Al%2B¡as 2004	BBBTest	FasterDecrease		
N147 Garc%2B¡a-Al%2B¡as 2004	AxonalRegenerationTest			
N147 Garc%2B¡a-Al%2B¡as 2004	BBBTest	None		
N147 Garc%2B¡a-Al%2B¡as 2004	ThermalHyperalgesiaTest			
N147 Garc%2B¡a-Al%2B¡as 2004	BBBTest	FasterDecrease		
N147 Garc%2B¡a-Al%2B¡as 2004	MotorReflexTest	FasterDecrease		
N147 Garc%2B¡a-Al%2B¡as 2004	MotorEvokedPotentialsTest	FasterDecrease		
N147 Garc%2B¡a-Al%2B¡as 2004	MotorReflexTest	FasterDecrease		
N147 Garc%2B¡a-Al%2B¡as 2004	BBBTest	None		
N147 Garc%2B¡a-Al%2B¡as 2004	ThermalHyperalgesiaTest			
N147 Garc%2B¡a-Al%2B¡as 2004	SomatosensoryEvokedPotentialsTest			
N147 Garc%2B¡a-Al%2B¡as 2004	AxonalRegenerationTest			
N147 Garc%2B¡a-Al%2B¡as 2004	InclinedPlaneTest	None		
N148 Gorrie 2010	LadderRungTest	FasterDecrease		
N148 Gorrie 2010	LesionVolumeTest	FasterDecrease		
N148 Gorrie 2010	TissueSparingTest	ObservedDifference		
N148 Gorrie 2010	AstrogliosisTest	Higher		
N148 Gorrie 2010	InflammationTest	None		
N148 Gorrie 2010	LesionVolumeTest	FasterDecrease		
N149 Granger 2012	BladderFunctionTest	None		
N149 Granger 2012	MotorEvokedPotentialsTest	None		
N149 Granger 2012	GaitTest	ObservedDifference		
N149 Granger 2012	GaitTest	None		
N149 Granger 2012	SomatosensoryEvokedPotentialsTest	None		
N150 Guest 2008	ObservationOfAnimalBehaviour	None		
N150 Guest 2008	AxonalDiebackTest	None		
N150 Guest 2008	BBBTest	FasterDecrease		
N150 Guest 2008	NonFunctionalTest	None		
N150 Guest 2008	LadderRungTest	None		
N150 Guest 2008	BBBTest	None		
N150 Guest 2008	AxonalRegenerationTest	None		
N150 Guest 2008	BBBTest	None		
N150 Guest 2008	CystVolumeTest	ObservedDifference		
N150 Guest 2008	AxonalRegenerationTest	None		
N150 Guest 2008	BBBTest	ObservedDifference		
N150 Guest 2008	NonFunctionalTest			
N151 Huang 2010	WalkingAnalysisTest	ObservedDifference		
N151 Huang 2010	AstrogliosisTest	Lower		
N153 Imaizumi 2000	MyelinationTest	FasterIncrease		
N153 Imaizumi 2000	ElectrophysiologyTest	FasterIncrease		
N153 Imaizumi 2000	MyelinationTest	FasterIncrease		
N153 Imaizumi 2000	ElectrophysiologyTest	FasterDecrease		
N153 Imaizumi 2000	ElectrophysiologyTest	FasterDecrease		
N153 Imaizumi 2000	ElectrophysiologyTest	None		
N153 Imaizumi 2000	ElectrophysiologyTest	None		
N153 Imaizumi 2000	ElectrophysiologyTest	None		
N153 Imaizumi 2000	ElectrophysiologyTest	None		
N153 Imaizumi 2000	MyelinationTest	Higher		
N153 Imaizumi 2000	ElectrophysiologyTest	FasterIncrease		
N153 Imaizumi 2000	ElectrophysiologyTest	FasterIncrease		
N153 Imaizumi 2000	AxonalChangesTest	FasterIncrease		
N153 Imaizumi 2000	AxonalChangesTest	FasterIncrease		
N156 Kalincik 2010 2	AutonomicDysreflexiaTest	None		
N156 Kalincik 2010 2	NeuronalChangesTest	Higher		
N156 Kalincik 2010 2	NeuronalChangesTest	ObservedDifference		
N156 Kalincik 2010 2	AutonomicDysreflexiaTest	Lower		
N156 Kalincik 2010 2	NeuronalChangesTest	None		
N156 Kalincik 2010 2	AutonomicDysreflexiaTest	None		
N156 Kalincik 2010 2	AutonomicDysreflexiaTest	None		
N156 Kalincik 2010 2	AutonomicDysreflexiaTest	None		
N156 Kalincik 2010 2	AutonomicDysreflexiaTest	Lower		
N156 Kalincik 2010 2	NeuronalChangesTest	None		
N156 Kalincik 2010 2	AutonomicDysreflexiaTest			
N156 Kalincik 2010 2	NeuronalChangesTest	None		
N156 Kalincik 2010 2	AutonomicDysreflexiaTest	None		
N156 Kalincik 2010 2	AutonomicDysreflexiaTest	None		
N156 Kalincik 2010 2	AutonomicDysreflexiaTest	FasterIncrease		
N157 Kalincik 2010	LesionVolumeTest	Lower		
N157 Kalincik 2010	NeuronalChangesTest	None		
N157 Kalincik 2010	NeuronalChangesTest	None		
N157 Kalincik 2010	TissueSparingTest	None		
N157 Kalincik 2010	NeuronalChangesTest	Lower		
N157 Kalincik 2010	TissueSparingTest	None		
N157 Kalincik 2010	NeuronalChangesTest	None		
N157 Kalincik 2010	NeuronalChangesTest			
N157 Kalincik 2010	NeuronalChangesTest	Higher		
N157 Kalincik 2010	NeuronalChangesTest	Higher		
N157 Kalincik 2010	AxonalChangesTest	None		
N157 Kalincik 2010	LesionVolumeTest			
N159 Keyvan-Fouladi 2003	SinglePelletReachingTest	None		
N159 Keyvan-Fouladi 2003	SinglePelletReachingTest	Higher		
N160 Kubasak 2008	LocomotorTest	ObservedDifference		
N160 Kubasak 2008	LocomotorTest	ObservedDifference		
N160 Kubasak 2008	AxonalRegenerationTest	None		
N160 Kubasak 2008	LocomotorTest	ObservedDifference		
N160 Kubasak 2008	LocomotorTest	ObservedDifference		
N160 Kubasak 2008	LocomotorTest	ObservedDifference		
N160 Kubasak 2008	LocomotorTest	None		
N160 Kubasak 2008	LocomotorTest	None		
N160 Kubasak 2008	LocomotorTest	None		
N160 Kubasak 2008	AxonalRegenerationTest	None		
N160 Kubasak 2008	LocomotorTest	ObservedDifference		
N160 Kubasak 2008	LesionVolumeTest	Lower		
N160 Kubasak 2008	LocomotorTest	ObservedDifference		
N160 Kubasak 2008	LocomotorTest	Higher		
N160 Kubasak 2008	LocomotorTest	ObservedDifference		
N160 Kubasak 2008	LocomotorTest	ObservedDifference		
N160 Kubasak 2008	LocomotorTest	Higher		
N160 Kubasak 2008	LocomotorTest	None		
N160 Kubasak 2008	LocomotorTest	None		
N160 Kubasak 2008	LocomotorTest	None		
N160 Kubasak 2008	LocomotorTest	ObservedDifference		
N160 Kubasak 2008	LocomotorTest	Higher		
N160 Kubasak 2008	LocomotorTest	ObservedDifference		
N160 Kubasak 2008	LocomotorTest	ObservedDifference		
N160 Kubasak 2008	LocomotorTest	None		
N160 Kubasak 2008	LocomotorTest	None		
N160 Kubasak 2008	LocomotorTest	ObservedDifference		
N160 Kubasak 2008	LocomotorTest	ObservedDifference		
N160 Kubasak 2008	LocomotorTest	None		
N160 Kubasak 2008	LocomotorTest	ObservedDifference		
N160 Kubasak 2008	LocomotorTest	ObservedDifference		
N160 Kubasak 2008	LocomotorTest	ObservedDifference		
N160 Kubasak 2008	LocomotorTest	None		
N160 Kubasak 2008	AxonalRegenerationTest	None		
N160 Kubasak 2008	LocomotorTest	ObservedDifference		
N160 Kubasak 2008	LocomotorTest	ObservedDifference		
N160 Kubasak 2008	LocomotorTest	ObservedDifference		
N160 Kubasak 2008	LocomotorTest	ObservedDifference		
N160 Kubasak 2008	LocomotorTest	ObservedDifference		
N160 Kubasak 2008	LocomotorTest	None		
N160 Kubasak 2008	LocomotorTest	None		
N160 Kubasak 2008	LocomotorTest	None		
N160 Kubasak 2008	LocomotorTest	None		
N160 Kubasak 2008	LocomotorTest	ObservedDifference		
N160 Kubasak 2008	LocomotorTest	ObservedDifference		
N160 Kubasak 2008	LocomotorTest	None		
N160 Kubasak 2008	LocomotorTest	Higher		
N161 Lang 2013	HistologicalInvestigationTest	FasterIncrease		
N161 Lang 2013	ThermalHyperalgesiaTest	FasterDecrease		
N161 Lang 2013	ThermalHyperalgesiaTest	None		
N161 Lang 2013	HistologicalInvestigationTest	FasterIncrease		
N161 Lang 2013	GeneExpressionAnalysis	FasterIncrease		
N161 Lang 2013	ThermalHyperalgesiaTest	FasterDecrease		
N161 Lang 2013	HindpawSensationTest	FasterIncrease		
N161 Lang 2013	HindpawSensationTest	FasterIncrease		
N161 Lang 2013	ProteinLevelAnalysis	None		
N161 Lang 2013	ProteinLevelAnalysis	FasterIncrease		
N162 Lebedev 2010	NarrowBeamTest	FasterIncrease		
N162 Lebedev 2010	LesionVolumeTest	FasterDecrease		
N162 Lebedev 2010	MyelinationTest	FasterIncrease		
N162 Lebedev 2010	LesionVolumeTest	None		
N162 Lebedev 2010	NarrowBeamTest	FasterIncrease		
N163 Lee 2004	BBBTest	None		
N163 Lee 2004	BBBTest	None		
N163 Lee 2004	BBBTest	None		
N164 Li 2003	InclinedPlaneTest	Lower		
N165 Li 2010	BBBTest	Lower		
N166 Li 2011	MyelinationTest	Higher		
N166 Li 2011	SomatosensoryEvokedPotentialsTest	ObservedDifference		
N166 Li 2011	SomatosensoryEvokedPotentialsTest	ObservedDifference		
N166 Li 2011	LesionVolumeTest	ObservedDifference		
N166 Li 2011	BBBTest	ObservedDifference		
N166 Li 2011	TissueSparingTest	ObservedDifference		
N166 Li 2011	BBBTest	ObservedDifference		
N166 Li 2011	CystVolumeTest	None		
N167 Li 2012	BBBTest	ObservedDifference		
N167 Li 2012	AxonalChangesTest	Higher		
N167 Li 2012	BBBTest	ObservedDifference		
N167 Li 2012	AstrogliosisTest	Higher		
N167 Li 2012	SomatosensoryEvokedPotentialsTest	ObservedDifference		
N167 Li 2012	SomatosensoryEvokedPotentialsTest	ObservedDifference		
N167 Li 2012	BBBTest			
N168 Li 2016				
N170 Liu 2010	MotorEvokedPotentialsTest	ObservedDifference		
N170 Liu 2010	BBBTest			
N170 Liu 2010	BBBTest	None		
N170 Liu 2010	MotorEvokedPotentialsTest	Lower		
N170 Liu 2010	BBBTest	None		
N170 Liu 2010	BBBTest	None		
N170 Liu 2010	MotorEvokedPotentialsTest	Higher		
N170 Liu 2010	SomatosensoryEvokedPotentialsTest	ObservedDifference		
N170 Liu 2010	BBBTest	ObservedDifference		
N170 Liu 2010	SomatosensoryEvokedPotentialsTest	ObservedDifference		
N170 Liu 2010	SomatosensoryEvokedPotentialsTest	Lower		
N170 Liu 2010	SomatosensoryEvokedPotentialsTest	ObservedDifference		
N170 Liu 2010	MotorEvokedPotentialsTest	ObservedDifference		
N170 Liu 2010	BBBTest	None		
N170 Liu 2010	MotorEvokedPotentialsTest	ObservedDifference		
N170 Liu 2010	BBBTest	ObservedDifference		
N170 Liu 2010	BBBTest	None		
N170 Liu 2010	BBBTest	Lower		
N170 Liu 2010	SomatosensoryEvokedPotentialsTest	Higher		
N170 Liu 2010	BBBTest	None		
N170 Liu 2010	SomatosensoryEvokedPotentialsTest	Higher		
N170 Liu 2010	BBBTest	Lower		
N170 Liu 2010	BBBTest			
N170 Liu 2010	BBBTest	Lower		
N170 Liu 2010	BBBTest	Lower		
N171 L+¦pez Vales 2007	BBBTest	None		
N171 L+¦pez Vales 2007	HReflexTest	Lower		
N171 L+¦pez Vales 2007	AstrogliosisTest	None		
N171 L+¦pez Vales 2007	MotorEvokedPotentialsTest	ObservedDifference		
N172 L+¦pez-Vales 2004	MotorEvokedPotentialsTest	None		
N172 L+¦pez-Vales 2004	ThermalHyperalgesiaTest	Lower		
N172 L+¦pez-Vales 2004	HistologicalInvestigationTest			
N172 L+¦pez-Vales 2004	HistologicalInvestigationTest	Higher		
N172 L+¦pez-Vales 2004	HistologicalInvestigationTest	Higher		
N172 L+¦pez-Vales 2004	SomatosensoryEvokedPotentialsTest	Higher		
N172 L+¦pez-Vales 2004	AngiogenesisTest			
N172 L+¦pez-Vales 2004	AngiogenesisTest	Higher		
N172 L+¦pez-Vales 2004	InclinedPlaneTest	Higher		
N172 L+¦pez-Vales 2004	HistologicalInvestigationTest	Higher		
N172 L+¦pez-Vales 2004	HistologicalInvestigationTest	None		
N172 L+¦pez-Vales 2004	HistologicalInvestigationTest	ObservedDifference		
N172 L+¦pez-Vales 2004	AngiogenesisTest			
N172 L+¦pez-Vales 2004	MotorEvokedPotentialsTest	ObservedDifference		
N172 L+¦pez-Vales 2004	HistologicalInvestigationTest	Higher		
N172 L+¦pez-Vales 2004	HistologicalInvestigationTest	Higher		
N174 L+¦pez-Vales 2006 3	MotorEvokedPotentialsTest	Lower		
N174 L+¦pez-Vales 2006 3	MotorEvokedPotentialsTest	Lower		
N174 L+¦pez-Vales 2006 3	MotorEvokedPotentialsTest	Lower		
N174 L+¦pez-Vales 2006 3	MotorEvokedPotentialsTest	Lower		
N174 L+¦pez-Vales 2006 3	AxonalRegenerationTest			
N174 L+¦pez-Vales 2006 3	ScarringTest	Lower		
N174 L+¦pez-Vales 2006 3	HReflexTest	Lower		
N174 L+¦pez-Vales 2006 3	HReflexTest	Lower		
N174 L+¦pez-Vales 2006 3	ScarringTest	Lower		
N174 L+¦pez-Vales 2006 3	MotorEvokedPotentialsTest	None		
N174 L+¦pez-Vales 2006 3	MotorEvokedPotentialsTest	Higher		
N174 L+¦pez-Vales 2006 3	ScarringTest	Lower		
N174 L+¦pez-Vales 2006 3	HReflexTest	Lower		
N174 L+¦pez-Vales 2006 3	AxonalRegenerationTest			
N174 L+¦pez-Vales 2006 3	MotorEvokedPotentialsTest	Lower		
N174 L+¦pez-Vales 2006 3	HReflexTest	Lower		
N174 L+¦pez-Vales 2006 3	HReflexTest	Lower		
N174 L+¦pez-Vales 2006 3	ScarringTest	Lower		
N174 L+¦pez-Vales 2006 3	ScarringTest	Lower		
N174 L+¦pez-Vales 2006 3	HReflexTest	Lower		
N175 L+¦pez-Vales2006 2	AngiogenesisTest	Higher		
N175 L+¦pez-Vales2006 2	TissueSparingTest	Lower		
N175 L+¦pez-Vales2006 2	TissueSparingTest	Lower		
N175 L+¦pez-Vales2006 2	AngiogenesisTest	Lower		
N175 L+¦pez-Vales2006 2	BBBTest	Lower		
N175 L+¦pez-Vales2006 2	AngiogenesisTest	Lower		
N175 L+¦pez-Vales2006 2	BBBTest	Lower		
N175 L+¦pez-Vales2006 2	AngiogenesisTest	Lower		
N175 L+¦pez-Vales2006 2	ThermalHyperalgesiaTest	Lower		
N175 L+¦pez-Vales2006 2	ThermalHyperalgesiaTest	Higher		
N175 L+¦pez-Vales2006 2	ThermalHyperalgesiaTest	Higher		
N175 L+¦pez-Vales2006 2	AngiogenesisTest	Lower		
N177 Luo 2013	ThermalHyperalgesiaTest	Higher		
N177 Luo 2013	GeneExpressionAnalysis	Lower		
N177 Luo 2013	ProteinLevelAnalysis	Lower		
N177 Luo 2013	TailFlickReflexTest	None		
N177 Luo 2013	ProteinLevelAnalysis	Lower		
N177 Luo 2013	GeneExpressionAnalysis	Lower		
N177 Luo 2013	ThermalHyperalgesiaTest	Lower		
N177 Luo 2013	ThermalHyperalgesiaTest	Lower		
N177 Luo 2013	TailFlickReflexTest	Lower		
N177 Luo 2013	TailFlickReflexTest	Lower		
N177 Luo 2013	ThermalHyperalgesiaTest	None		
N179 Masgutova 2010	LesionVolumeTest	Lower		
N179 Masgutova 2010	OligodendrogliaChangesTest	Higher		
N179 Masgutova 2010	LesionVolumeTest			
N179 Masgutova 2010	OligodendrogliaChangesTest	Lower		
N180 Mayeur 2013	AutomatedGaitAnalysis	None		
N180 Mayeur 2013	LocomotorTest	None		
N180 Mayeur 2013	ImagingTest	Lower		
N180 Mayeur 2013	LocomotorTest	None		
N180 Mayeur 2013	SpinalCordEvokedPotentialsTest	None		
N180 Mayeur 2013	ScarringTest	Lower		
N180 Mayeur 2013	InflammationTest	None		
N180 Mayeur 2013	AutomatedGaitAnalysis	None		
N180 Mayeur 2013	LocomotorTest	None		
N180 Mayeur 2013	ScarringTest	Lower		
N180 Mayeur 2013	LocomotorTest	None		
N180 Mayeur 2013	InflammationTest	None		
N180 Mayeur 2013	AutomatedGaitAnalysis	Higher		
N180 Mayeur 2013	InflammationTest	None		
N180 Mayeur 2013	SpinalCordEvokedPotentialsTest			
N180 Mayeur 2013	LocomotorTest	Higher		
N180 Mayeur 2013	LocomotorTest	Higher		
N180 Mayeur 2013	InflammationTest	None		
N180 Mayeur 2013	LocomotorTest	None		
N180 Mayeur 2013	ScarringTest	Lower		
N180 Mayeur 2013	InflammationTest	None		
N180 Mayeur 2013	LocomotorTest	None		
N180 Mayeur 2013	InflammationTest	None		
N180 Mayeur 2013	ImagingTest	Lower		
N180 Mayeur 2013	ScarringTest	FasterDecrease		
N180 Mayeur 2013	LocomotorTest	None		
N180 Mayeur 2013	SpinalCordEvokedPotentialsTest	None		
N180 Mayeur 2013	AutomatedGaitAnalysis	None		
N180 Mayeur 2013	ScarringTest	FasterDecrease		
N180 Mayeur 2013	LocomotorTest	None		
N180 Mayeur 2013	InflammationTest	None		
N180 Mayeur 2013	AstrogliosisTest	Lower		
N180 Mayeur 2013	LocomotorTest	None		
N180 Mayeur 2013	AutomatedGaitAnalysis	None		
N180 Mayeur 2013	SpinalCordEvokedPotentialsTest	None		
N180 Mayeur 2013	SpinalCordEvokedPotentialsTest	Higher		
N180 Mayeur 2013	LocomotorTest	None		
N180 Mayeur 2013	LocomotorTest	None		
N180 Mayeur 2013	AutomatedGaitAnalysis	None		
N180 Mayeur 2013	InflammationTest	None		
N180 Mayeur 2013	LocomotorTest	None		
N180 Mayeur 2013	LocomotorTest	None		
N180 Mayeur 2013	SpinalCordEvokedPotentialsTest	Higher		
N180 Mayeur 2013	AutomatedGaitAnalysis	None		
N180 Mayeur 2013	SpinalCordEvokedPotentialsTest	None		
N180 Mayeur 2013	LocomotorTest	None		
N180 Mayeur 2013	AstrogliosisTest	Lower		
N180 Mayeur 2013	InflammationTest	None		
N180 Mayeur 2013	InflammationTest	None		
N180 Mayeur 2013	LocomotorTest	None		
N180 Mayeur 2013	LocomotorTest	Higher		
N180 Mayeur 2013	SpinalCordEvokedPotentialsTest	None		
N180 Mayeur 2013	InflammationTest	None		
N180 Mayeur 2013	InflammationTest	None		
N180 Mayeur 2013	LocomotorTest	None		
N180 Mayeur 2013	LocomotorTest	None		
N180 Mayeur 2013	LocomotorTest	None		
N180 Mayeur 2013	LocomotorTest	None		
N180 Mayeur 2013	AxonalRegenerationTest	None		
N180 Mayeur 2013	ImagingTest	Lower		
N180 Mayeur 2013	LocomotorTest	None		
N180 Mayeur 2013	SpinalCordEvokedPotentialsTest	Higher		
N180 Mayeur 2013	InflammationTest	None		
N180 Mayeur 2013	LocomotorTest	None		
N180 Mayeur 2013	SpinalCordEvokedPotentialsTest	None		
N180 Mayeur 2013	SpinalCordEvokedPotentialsTest			
N180 Mayeur 2013	AutomatedGaitAnalysis	None		
N180 Mayeur 2013	ScarringTest	Lower		
N180 Mayeur 2013	LocomotorTest	None		
N180 Mayeur 2013	InflammationTest	None		
N180 Mayeur 2013	InflammationTest	None		
N180 Mayeur 2013	LocomotorTest	None		
N180 Mayeur 2013	AutomatedGaitAnalysis	None		
N180 Mayeur 2013	AstrogliosisTest	Lower		
N180 Mayeur 2013	InflammationTest	None		
N180 Mayeur 2013	AstrogliosisTest	Lower		
N180 Mayeur 2013	SpinalCordEvokedPotentialsTest			
N180 Mayeur 2013	AutomatedGaitAnalysis	Higher		
N180 Mayeur 2013	LocomotorTest	None		
N180 Mayeur 2013	AutomatedGaitAnalysis	None		
N180 Mayeur 2013	AutomatedGaitAnalysis	None		
N180 Mayeur 2013	LocomotorTest	None		
N180 Mayeur 2013	SpinalCordEvokedPotentialsTest			
N180 Mayeur 2013	LocomotorTest	None		
N180 Mayeur 2013	InflammationTest	None		
N180 Mayeur 2013	AutomatedGaitAnalysis	Higher		
N180 Mayeur 2013	ImagingTest	Lower		
N180 Mayeur 2013	InflammationTest	None		
N180 Mayeur 2013	AutomatedGaitAnalysis	Higher		
N180 Mayeur 2013	InflammationTest	None		
N180 Mayeur 2013	LocomotorTest	None		
N180 Mayeur 2013	LocomotorTest	Higher		
N180 Mayeur 2013	ScarringTest	FasterDecrease		
N180 Mayeur 2013	LocomotorTest	None		
N180 Mayeur 2013	LocomotorTest	None		
N180 Mayeur 2013	LocomotorTest	None		
N180 Mayeur 2013	InflammationTest	None		
N182 Moon 2006	BBBTest	ObservedDifference		
N182 Moon 2006	MortalityObservation	ObservedDifference		
N182 Moon 2006	BBBTest	None		
N182 Moon 2006	MortalityObservation	ObservedDifference		
N182 Moon 2006	LocomotorTest	Higher		
N182 Moon 2006	BBBTest	None		
N182 Moon 2006	BBBTest	None		
N182 Moon 2006	MortalityObservation	ObservedDifference		
N182 Moon 2006	MortalityObservation	ObservedDifference		
N182 Moon 2006	MortalityObservation	ObservedDifference		
N182 Moon 2006	BBBTest	ObservedDifference		
N182 Moon 2006	MortalityObservation	ObservedDifference		
N182 Moon 2006	MortalityObservation	ObservedDifference		
N183 Moreno-Flores 2006	AdhesiveRemovalTest	Higher		
N183 Moreno-Flores 2006	AxonalRegenerationTest			
N183 Moreno-Flores 2006	NarrowBeamTest	None		
N183 Moreno-Flores 2006	AdhesiveRemovalTest	Higher		
N183 Moreno-Flores 2006	AdhesiveRemovalTest	Lower		
N183 Moreno-Flores 2006	AdhesiveRemovalTest			
N183 Moreno-Flores 2006	NarrowBeamTest	Lower		
N184 Moriwaki 2014	AxonalRegenerationTest	ObservedDifference		
N184 Moriwaki 2014	NeuronalChangesTest	Higher		
N184 Moriwaki 2014	AxonalRegenerationTest	None		
N184 Moriwaki 2014	AxonalRegenerationTest	None		
N184 Moriwaki 2014	AxonalRegenerationTest	None		
N184 Moriwaki 2014	BBBTest	None		
N184 Moriwaki 2014	AxonalRegenerationTest	None		
N184 Moriwaki 2014	AxonalRegenerationTest	None		
N184 Moriwaki 2014	BBBTest	None		
N184 Moriwaki 2014	AxonalRegenerationTest	None		
N184 Moriwaki 2014	BBBTest	None		
N185 Munoz-Quiles 2009	InclinedPlaneTest	Higher		
N185 Munoz-Quiles 2009	InclinedPlaneTest	ObservedDifference		
N185 Munoz-Quiles 2009	AxonalSproutingTest	None		
N185 Munoz-Quiles 2009	AxonalSproutingTest	None		
N185 Munoz-Quiles 2009	InclinedPlaneTest			
N185 Munoz-Quiles 2009	LesionVolumeTest	None		
N185 Munoz-Quiles 2009	AxonalRegenerationTest	ObservedDifference		
N185 Munoz-Quiles 2009	InclinedPlaneTest	ObservedDifference		
N185 Munoz-Quiles 2009	InclinedPlaneTest	None		
N185 Munoz-Quiles 2009	InclinedPlaneTest	ObservedDifference		
N185 Munoz-Quiles 2009	AxonalSproutingTest	None		
N185 Munoz-Quiles 2009	AxonalRegenerationTest	ObservedDifference		
N187 Nash 2002	AxonalChangesTest	None		
N187 Nash 2002	SinglePelletReachingTest			
N187 Nash 2002	AxonalChangesTest	Higher		
N187 Nash 2002	AxonalChangesTest	Higher		
N187 Nash 2002	AxonalChangesTest	None		
N187 Nash 2002	AxonalChangesTest	Higher		
N187 Nash 2002	AxonalChangesTest	None		
N187 Nash 2002	AxonalChangesTest	ObservedDifference		
N187 Nash 2002	SinglePelletReachingTest	Higher		
N187 Nash 2002	SinglePelletReachingTest	Lower		
N187 Nash 2002	SinglePelletReachingTest			
N187 Nash 2002	AxonalChangesTest	Higher		
N187 Nash 2002	AxonalChangesTest	Higher		
N187 Nash 2002	AxonalChangesTest	Higher		
N187 Nash 2002	SinglePelletReachingTest			
N187 Nash 2002	SinglePelletReachingTest	Lower		
N187 Nash 2002	SinglePelletReachingTest			
N187 Nash 2002	SinglePelletReachingTest			
N187 Nash 2002	SinglePelletReachingTest	Lower		
N187 Nash 2002	SinglePelletReachingTest	Lower		
N187 Nash 2002	SinglePelletReachingTest	Lower		
N187 Nash 2002	AxonalChangesTest	None		
N187 Nash 2002	SinglePelletReachingTest			
N187 Nash 2002	AxonalChangesTest	Higher		
N187 Nash 2002	AxonalChangesTest	None		
N187 Nash 2002	AxonalChangesTest	Higher		
N187 Nash 2002	AxonalChangesTest	Higher		
N187 Nash 2002	AxonalChangesTest	Higher		
N187 Nash 2002	SinglePelletReachingTest			
N187 Nash 2002	SinglePelletReachingTest			
N187 Nash 2002	AxonalChangesTest	Higher		
N187 Nash 2002	AxonalChangesTest	Higher		
N187 Nash 2002	AxonalChangesTest	Higher		
N187 Nash 2002	AxonalChangesTest	Higher		
N187 Nash 2002	AxonalChangesTest	Higher		
N187 Nash 2002	AxonalChangesTest	Higher		
N187 Nash 2002	AxonalChangesTest	Higher		
N187 Nash 2002	AxonalChangesTest	Higher		
N187 Nash 2002	SinglePelletReachingTest	None		
N187 Nash 2002	AxonalChangesTest	Higher		
N188 Negredo 2008	InvestigationMethod	Lower		
N188 Negredo 2008	HistologicalInvestigationTest	Lower		
N188 Negredo 2008	InvestigationMethod	None		
N188 Negredo 2008	ProteinLevelAnalysis	Lower		
N188 Negredo 2008	HistologicalInvestigationTest	Higher		
N188 Negredo 2008	HistologicalInvestigationTest	None		
N188 Negredo 2008	ProteinLevelAnalysis	Lower		
N188 Negredo 2008	InvestigationMethod	Lower		
N188 Negredo 2008	HistologicalInvestigationTest	None		
N188 Negredo 2008	ProteinLevelAnalysis	ObservedDifference		
N188 Negredo 2008	HistologicalInvestigationTest	ObservedDifference		
N188 Negredo 2008	HistologicalInvestigationTest	Lower		
N188 Negredo 2008	HistologicalInvestigationTest	Lower		
N188 Negredo 2008	ProteinLevelAnalysis	None		
N188 Negredo 2008	ProteinLevelAnalysis	Higher		
N188 Negredo 2008	HistologicalInvestigationTest	Higher		
N188 Negredo 2008	HistologicalInvestigationTest	None		
N188 Negredo 2008	HistologicalInvestigationTest	ObservedDifference		
N188 Negredo 2008	ProteinLevelAnalysis	None		
N188 Negredo 2008	InvestigationMethod	None		
N188 Negredo 2008	InvestigationMethod	Higher		
N188 Negredo 2008	ProteinLevelAnalysis	Lower		
N188 Negredo 2008	HistologicalInvestigationTest	Higher		
N188 Negredo 2008	HistologicalInvestigationTest	Higher		
N188 Negredo 2008	HistologicalInvestigationTest	Lower		
N188 Negredo 2008	HistologicalInvestigationTest	None		
N188 Negredo 2008	HistologicalInvestigationTest	Lower		
N188 Negredo 2008	HistologicalInvestigationTest	Higher		
N188 Negredo 2008	InvestigationMethod	Higher		
N188 Negredo 2008	HistologicalInvestigationTest	Higher		
N188 Negredo 2008	HistologicalInvestigationTest	ObservedDifference		
N188 Negredo 2008	HistologicalInvestigationTest	Lower		
N188 Negredo 2008	HistologicalInvestigationTest	Lower		
N189 Novikova 2011	AxonalChangesTest	Lower		
N189 Novikova 2011	AxonalChangesTest	Lower		
N189 Novikova 2011	AxonalChangesTest	Lower		
N189 Novikova 2011	AxonalChangesTest	None		
N189 Novikova 2011	AxonalChangesTest	Higher		
N189 Novikova 2011	AxonalRegenerationTest	None		
N189 Novikova 2011	AxonalRegenerationTest	None		
N189 Novikova 2011	AxonalRegenerationTest	None		
N189 Novikova 2011	NeuronalCellLossTest	None		
N190 Pearse 2004	AxonalChangesTest	None		
N190 Pearse 2004	CystVolumeTest	Lower		
N190 Pearse 2004	AxonalChangesTest	None		
N190 Pearse 2004	TissueSparingTest	Lower		
N190 Pearse 2004	AxonalChangesTest	None		
N190 Pearse 2004	AstrogliosisTest	Higher		
N190 Pearse 2004	NeuronalChangesTest	None		
N190 Pearse 2004	AstrogliosisTest	Lower		
N190 Pearse 2004	LadderRungTest	Lower		
N190 Pearse 2004	FootprintAnalysisTest	Higher		
N190 Pearse 2004	BBBSubscoreTest	None		
N190 Pearse 2004	AstrogliosisTest	Lower		
N190 Pearse 2004	CystVolumeTest	Lower		
N190 Pearse 2004	AxonalChangesTest	Higher		
N190 Pearse 2004	AxonalChangesTest	None		
N190 Pearse 2004	CystVolumeTest	Lower		
N190 Pearse 2004	AstrogliosisTest	None		
N190 Pearse 2004	LadderRungTest			
N190 Pearse 2004	HistologicalInvestigationTest	Higher		
N190 Pearse 2004	HistologicalInvestigationTest	Higher		
N190 Pearse 2004	HistologicalInvestigationTest	Higher		
N190 Pearse 2004	CystVolumeTest	Lower		
N190 Pearse 2004	CystVolumeTest	Lower		
N190 Pearse 2004	FootprintAnalysisTest	Higher		
N190 Pearse 2004	FootprintAnalysisTest			
N190 Pearse 2004	NeuronalChangesTest	None		
N190 Pearse 2004	CystVolumeTest	Lower		
N190 Pearse 2004	FootprintAnalysisTest	Lower		
N190 Pearse 2004	AxonalChangesTest	Higher		
N190 Pearse 2004	AstrogliosisTest	Higher		
N190 Pearse 2004	NeuronalChangesTest	None		
N190 Pearse 2004	CystVolumeTest	Lower		
N190 Pearse 2004	TissueSparingTest	Lower		
N190 Pearse 2004	NeuronalChangesTest	None		
N190 Pearse 2004	CystVolumeTest	Lower		
N190 Pearse 2004	NeuronalChangesTest	None		
N191 Pearse 2007	AxonalChangesTest	None		
N191 Pearse 2007	LadderRungTest	None		
N191 Pearse 2007	AxonalChangesTest	None		
N191 Pearse 2007	AxonalChangesTest	None		
N191 Pearse 2007	AxonalChangesTest	None		
N191 Pearse 2007	AxonalChangesTest	None		
N191 Pearse 2007	AxonalChangesTest	None		
N191 Pearse 2007	AxonalChangesTest	None		
N191 Pearse 2007	LadderRungTest	None		
N191 Pearse 2007	BBBTest	None		
N191 Pearse 2007	FootprintAnalysisTest	None		
N191 Pearse 2007	FootprintAnalysisTest	None		
N191 Pearse 2007	AxonalChangesTest	None		
N191 Pearse 2007	FootprintAnalysisTest	None		
N191 Pearse 2007	AxonalChangesTest	None		
N191 Pearse 2007	BBBSubscoreTest	None		
N191 Pearse 2007	LadderRungTest	None		
N191 Pearse 2007	FootprintAnalysisTest	None		
N191 Pearse 2007	AxonalChangesTest	None		
N191 Pearse 2007	AxonalChangesTest	None		
N191 Pearse 2007	FootprintAnalysisTest	None		
N191 Pearse 2007	FootprintAnalysisTest	None		
N191 Pearse 2007	AxonalChangesTest	None		
N191 Pearse 2007	AxonalChangesTest	None		
N191 Pearse 2007	AxonalChangesTest	None		
N191 Pearse 2007	AxonalChangesTest	None		
N191 Pearse 2007	AxonalChangesTest	None		
N191 Pearse 2007	LadderRungTest	None		
N191 Pearse 2007	FootprintAnalysisTest	None		
N191 Pearse 2007	AxonalChangesTest	None		
N191 Pearse 2007	AxonalChangesTest	None		
N191 Pearse 2007	AxonalChangesTest	None		
N191 Pearse 2007	AxonalChangesTest	None		
N191 Pearse 2007	AxonalChangesTest	Higher		
N191 Pearse 2007	AxonalChangesTest	None		
N191 Pearse 2007	AxonalChangesTest	None		
N191 Pearse 2007	AxonalChangesTest	None		
N191 Pearse 2007	AxonalChangesTest	None		
N191 Pearse 2007	AxonalChangesTest	None		
N191 Pearse 2007	AxonalChangesTest	None		
N191 Pearse 2007	CystVolumeTest	None		
N191 Pearse 2007	AxonalChangesTest	Higher		
N191 Pearse 2007	AxonalChangesTest	None		
N191 Pearse 2007	BBBSubscoreTest	Lower		
N191 Pearse 2007	AxonalChangesTest	None		
N191 Pearse 2007	FootprintAnalysisTest	None		
N191 Pearse 2007	AxonalChangesTest	Higher		
N191 Pearse 2007	FootprintAnalysisTest	None		
N191 Pearse 2007	AxonalChangesTest	None		
N191 Pearse 2007	FootprintAnalysisTest	None		
N191 Pearse 2007	AxonalChangesTest	None		
N191 Pearse 2007	AxonalChangesTest	None		
N191 Pearse 2007	AxonalChangesTest	Higher		
N191 Pearse 2007	AxonalChangesTest	None		
N191 Pearse 2007	AxonalChangesTest	None		
N191 Pearse 2007	BBBSubscoreTest	None		
N191 Pearse 2007	LadderRungTest	None		
N191 Pearse 2007	AxonalChangesTest	None		
N191 Pearse 2007	AxonalChangesTest	None		
N191 Pearse 2007	AxonalChangesTest	None		
N191 Pearse 2007	AxonalChangesTest	None		
N191 Pearse 2007	FootprintAnalysisTest	Lower		
N191 Pearse 2007	AxonalChangesTest	Higher		
N191 Pearse 2007	AxonalChangesTest	None		
N191 Pearse 2007	AxonalChangesTest	None		
N191 Pearse 2007	AxonalChangesTest	None		
N191 Pearse 2007	BBBSubscoreTest	None		
N191 Pearse 2007	AxonalChangesTest	None		
N191 Pearse 2007	FootprintAnalysisTest	None		
N191 Pearse 2007	AxonalChangesTest	None		
N191 Pearse 2007	AxonalChangesTest	None		
N191 Pearse 2007	FootprintAnalysisTest	Lower		
N191 Pearse 2007	FootprintAnalysisTest	None		
N191 Pearse 2007	FootprintAnalysisTest	None		
N191 Pearse 2007	AxonalChangesTest	None		
N191 Pearse 2007	AxonalChangesTest	None		
N191 Pearse 2007	AxonalChangesTest	None		
N191 Pearse 2007	AxonalChangesTest	None		
N191 Pearse 2007	AxonalChangesTest	None		
N192 Polentes 2004	ElectrophysiologyTest	None		
N192 Polentes 2004	InvestigationMethod	None		
N192 Polentes 2004	ElectrophysiologyTest	None		
N193 Ramer 2004	SchwannCellChangesTest	Higher		
N193 Ramer 2004	AstrogliosisTest	Higher		
N193 Ramer 2004	AxonalChangesTest	Lower		
N193 Ramer 2004	CystVolumeTest	Lower		
N193 Ramer 2004	AstrogliosisTest	Higher		
N193 Ramer 2004	SchwannCellChangesTest	Higher		
N193 Ramer 2004	AxonalChangesTest			
N195 Resnick 2003	HistologicalInvestigationTest	Higher		
N195 Resnick 2003	BBBTest	None		
N196 Richter 2005	AxonalChangesTest	Higher		
N196 Richter 2005	AxonalChangesTest	Lower		
N196 Richter 2005	AxonalChangesTest	None		
N196 Richter 2005	CystVolumeTest	FasterDecrease		
N196 Richter 2005	SchwannCellChangesTest	Higher		
N196 Richter 2005	CystVolumeTest	Lower		
N196 Richter 2005	AxonalChangesTest	Higher		
N196 Richter 2005	AngiogenesisTest	Higher		
N196 Richter 2005	LesionVolumeTest	Lower		
N196 Richter 2005	SelfMutilationObservation	Lower		
N196 Richter 2005	AstrogliosisTest	Lower		
N196 Richter 2005	AxonalChangesTest	Higher		
N196 Richter 2005	AngiogenesisTest	Higher		
N196 Richter 2005	AxonalSproutingTest	None		
N196 Richter 2005	AstrogliosisTest	None		
N196 Richter 2005	SchwannCellChangesTest	Higher		
N196 Richter 2005	AxonalChangesTest	Higher		
N196 Richter 2005	AxonalSproutingTest	None		
N196 Richter 2005	AstrogliosisTest	Higher		
N196 Richter 2005	AstrogliosisTest	Higher		
N196 Richter 2005	AngiogenesisTest	Higher		
N196 Richter 2005	AstrogliosisTest	Lower		
N196 Richter 2005	AngiogenesisTest	Higher		
N196 Richter 2005	CystVolumeTest	Lower		
N196 Richter 2005	AxonalChangesTest	Higher		
N196 Richter 2005	AstrogliosisTest	None		
N196 Richter 2005	AxonalChangesTest	Higher		
N196 Richter 2005	AxonalChangesTest	Lower		
N196 Richter 2005	AngiogenesisTest	Higher		
N196 Richter 2005	CystVolumeTest	Lower		
N196 Richter 2005	AngiogenesisTest	Higher		
N196 Richter 2005	LesionVolumeTest	Lower		
N196 Richter 2005	AxonalSproutingTest	None		
N196 Richter 2005	AxonalSproutingTest	None		
N196 Richter 2005	CystVolumeTest	Lower		
N196 Richter 2005	AxonalChangesTest	Lower		
N196 Richter 2005	AstrogliosisTest	Lower		
N196 Richter 2005	AxonalChangesTest	Higher		
N196 Richter 2005	SchwannCellChangesTest	Higher		
N196 Richter 2005	SchwannCellChangesTest	Higher		
N196 Richter 2005	AstrogliosisTest	Lower		
N196 Richter 2005	AngiogenesisTest	Higher		
N196 Richter 2005	AstrogliosisTest	Higher		
N196 Richter 2005	AngiogenesisTest	Higher		
N196 Richter 2005	AngiogenesisTest	Higher		
N196 Richter 2005	SelfMutilationObservation	Lower		
N196 Richter 2005	SchwannCellChangesTest	Higher		
N196 Richter 2005	SchwannCellChangesTest	Higher		
N196 Richter 2005	AngiogenesisTest	Higher		
N196 Richter 2005	AxonalSproutingTest	None		
N196 Richter 2005	AngiogenesisTest	Higher		
N196 Richter 2005	AxonalSproutingTest	None		
N196 Richter 2005	AxonalSproutingTest	None		
N196 Richter 2005	AxonalSproutingTest	None		
N196 Richter 2005	SelfMutilationObservation	Lower		
N196 Richter 2005	SchwannCellChangesTest	Higher		
N196 Richter 2005	AstrogliosisTest	Higher		
N196 Richter 2005	SelfMutilationObservation	Lower		
N196 Richter 2005	CystVolumeTest	FasterDecrease		
N196 Richter 2005	SchwannCellChangesTest	Higher		
N196 Richter 2005	LesionVolumeTest	Lower		
N196 Richter 2005	AstrogliosisTest	Lower		
N196 Richter 2005	AxonalChangesTest	None		
N196 Richter 2005	CystVolumeTest	FasterDecrease		
N196 Richter 2005	AxonalChangesTest	Higher		
N196 Richter 2005	AngiogenesisTest	Higher		
N196 Richter 2005	AstrogliosisTest	Higher		
N196 Richter 2005	CystVolumeTest	Lower		
N196 Richter 2005	AxonalChangesTest	Higher		
N197 Rochkind 2006	BBBTest	None		
N199 Ruitenberg 2005	SinglePelletReachingTest	None		
N199 Ruitenberg 2005	CystVolumeTest	None		
N199 Ruitenberg 2005	SinglePelletReachingTest	None		
N199 Ruitenberg 2005	AxonalChangesTest	None		
N199 Ruitenberg 2005	CystVolumeTest	None		
N199 Ruitenberg 2005	AxonalChangesTest	None		
N199 Ruitenberg 2005	SinglePelletReachingTest	None		
N199 Ruitenberg 2005	AxonalChangesTest	Higher		
N199 Ruitenberg 2005	LesionVolumeTest	Lower		
N199 Ruitenberg 2005	LesionVolumeTest	Lower		
N199 Ruitenberg 2005	AxonalChangesTest	Higher		
N199 Ruitenberg 2005	BBBTest	None		
N199 Ruitenberg 2005	AxonalChangesTest	None		
N199 Ruitenberg 2005	SinglePelletReachingTest	None		
N199 Ruitenberg 2005	AxonalChangesTest	Higher		
N199 Ruitenberg 2005	LesionVolumeTest	Lower		
N199 Ruitenberg 2005	CystVolumeTest	None		
N199 Ruitenberg 2005	AxonalChangesTest	Higher		
N199 Ruitenberg 2005	SinglePelletReachingTest	None		
N199 Ruitenberg 2005	SinglePelletReachingTest	None		
N199 Ruitenberg 2005	BBBTest	None		
N199 Ruitenberg 2005	SinglePelletReachingTest	None		
N199 Ruitenberg 2005	CystVolumeTest	None		
N199 Ruitenberg 2005	SinglePelletReachingTest	None		
N199 Ruitenberg 2005	AxonalChangesTest	Higher		
N199 Ruitenberg 2005	AxonalChangesTest	Higher		
N199 Ruitenberg 2005	SinglePelletReachingTest	None		
N199 Ruitenberg 2005	SinglePelletReachingTest	None		
N199 Ruitenberg 2005	CystVolumeTest	None		
N199 Ruitenberg 2005	AxonalChangesTest	Higher		
N199 Ruitenberg 2005	CystVolumeTest	None		
N199 Ruitenberg 2005	SinglePelletReachingTest	None		
N199 Ruitenberg 2005	SinglePelletReachingTest	None		
N199 Ruitenberg 2005	AxonalChangesTest	Higher		
N199 Ruitenberg 2005	BBBTest	None		
N200 Sasaki 2004	AxonalChangesTest	Higher		
N200 Sasaki 2004	MyelinationTest	Higher		
N200 Sasaki 2004	MyelinationTest	Higher		
N200 Sasaki 2004	AxonalChangesTest	Higher		
N201 Sasaki 2006	ApoptosisTest	None		
N201 Sasaki 2006	ProteinLevelAnalysis	None		
N201 Sasaki 2006	ApoptosisTest	None		
N201 Sasaki 2006	NeuronalChangesTest	Higher		
N201 Sasaki 2006	ApoptosisTest	Lower		
N201 Sasaki 2006	ProteinLevelAnalysis	Higher		
N201 Sasaki 2006	ProteinLevelAnalysis	None		
N201 Sasaki 2006	NeuroprotectionTest	SlowerDecrease		
N203 Stamegna 2011	SpinalCordEvokedPotentialsTest	None		
N203 Stamegna 2011	AxonalChangesTest	Higher		
N203 Stamegna 2011	ElectrophysiologyTest	None		
N203 Stamegna 2011	CystVolumeTest	Lower		
N203 Stamegna 2011	PhysiologyTest	None		
N203 Stamegna 2011	PhysiologyTest	Higher		
N203 Stamegna 2011	AxonalChangesTest	Higher		
N203 Stamegna 2011	ElectrophysiologyTest	Lower		
N203 Stamegna 2011	ElectrophysiologyTest	Higher		
N203 Stamegna 2011	PhysiologyTest	None		
N203 Stamegna 2011	SpinalCordEvokedPotentialsTest	None		
N203 Stamegna 2011	ElectrophysiologyTest	Higher		
N203 Stamegna 2011	ElectrophysiologyTest	None		
N203 Stamegna 2011	PhysiologyTest	None		
N203 Stamegna 2011	ElectrophysiologyTest	None		
N203 Stamegna 2011	ElectrophysiologyTest	Higher		
N204 Steward 2006	BBBTest	None		
N204 Steward 2006	InvestigationMethod	None		
N206 Takeoka 2009	NeuronalChangesTest	None		
N206 Takeoka 2009	NeuronalChangesTest	None		
N206 Takeoka 2009	NeuronalChangesTest	None		
N206 Takeoka 2009	AxonalChangesTest	None		
N206 Takeoka 2009	NeuronalChangesTest	None		
N206 Takeoka 2009	AxonalChangesTest	None		
N206 Takeoka 2009	AxonalChangesTest	None		
N206 Takeoka 2009	AxonalChangesTest	None		
N206 Takeoka 2009	AxonalChangesTest	None		
N206 Takeoka 2009	NeuronalChangesTest	None		
N206 Takeoka 2009	NeuronalChangesTest	None		
N206 Takeoka 2009	AxonalChangesTest	None		
N206 Takeoka 2009	NeuronalChangesTest	Higher		
N206 Takeoka 2009	AxonalChangesTest	None		
N206 Takeoka 2009	NeuronalChangesTest	None		
N206 Takeoka 2009	NeuronalChangesTest	Higher		
N206 Takeoka 2009	NeuronalChangesTest	None		
N206 Takeoka 2009	AxonalChangesTest	None		
N206 Takeoka 2009	NeuronalChangesTest	None		
N206 Takeoka 2009	AxonalChangesTest	None		
N206 Takeoka 2009	NeuronalChangesTest	None		
N206 Takeoka 2009	NeuronalChangesTest	None		
N206 Takeoka 2009	NeuronalChangesTest	None		
N206 Takeoka 2009	NeuronalChangesTest	None		
N206 Takeoka 2009	NeuronalChangesTest	Higher		
N206 Takeoka 2009	AxonalChangesTest	None		
N206 Takeoka 2009	AxonalChangesTest	None		
N206 Takeoka 2009	AxonalChangesTest	None		
N206 Takeoka 2009	NeuronalChangesTest	None		
N206 Takeoka 2009	NeuronalChangesTest	None		
N206 Takeoka 2009	AxonalChangesTest	None		
N206 Takeoka 2009	NeuronalChangesTest	None		
N206 Takeoka 2009	NeuronalChangesTest	None		
N206 Takeoka 2009	NeuronalChangesTest	None		
N206 Takeoka 2009	AxonalChangesTest	None		
N206 Takeoka 2009	NeuronalChangesTest	Higher		
N206 Takeoka 2009	NeuronalChangesTest	None		
N206 Takeoka 2009	AxonalChangesTest	None		
N207 Takeoka 2010	AxonalChangesTest	None		
N207 Takeoka 2010	AxonalChangesTest	None		
N207 Takeoka 2010	AxonalChangesTest	Higher		
N207 Takeoka 2010	AxonalChangesTest	Higher		
N207 Takeoka 2010	AxonalChangesTest	None		
N207 Takeoka 2010	AxonalChangesTest	None		
N207 Takeoka 2010	AxonalChangesTest	None		
N207 Takeoka 2010	AxonalChangesTest	None		
N207 Takeoka 2010	AxonalChangesTest	Higher		
N207 Takeoka 2010	AxonalChangesTest	Higher		
N207 Takeoka 2010	AxonalChangesTest	None		
N207 Takeoka 2010	AxonalChangesTest	None		
N207 Takeoka 2010	AxonalChangesTest	Higher		
N207 Takeoka 2010	AxonalChangesTest	None		
N207 Takeoka 2010	AxonalChangesTest	None		
N207 Takeoka 2010	AxonalChangesTest	None		
N207 Takeoka 2010	AxonalChangesTest	None		
N207 Takeoka 2010	AxonalChangesTest	None		
N207 Takeoka 2010	AxonalChangesTest	None		
N207 Takeoka 2010	AxonalChangesTest	None		
N207 Takeoka 2010	AxonalChangesTest	Higher		
N207 Takeoka 2010	AxonalChangesTest	Higher		
N207 Takeoka 2010	AxonalChangesTest	None		
N207 Takeoka 2010	AxonalChangesTest	None		
N207 Takeoka 2010	AxonalChangesTest	None		
N207 Takeoka 2010	AxonalChangesTest	None		
N207 Takeoka 2010	AxonalChangesTest	Higher		
N208 Takeoka 2011	MotorEvokedPotentialsTest	Higher		
N208 Takeoka 2011	WalkingAnalysisTest	None		
N208 Takeoka 2011	WalkingAnalysisTest	None		
N208 Takeoka 2011	NeuronalChangesTest	Lower		
N208 Takeoka 2011	WalkingAnalysisTest	Higher		
N208 Takeoka 2011	HindpawSensationTest	Lower		
N208 Takeoka 2011	WalkingAnalysisTest	Higher		
N208 Takeoka 2011	WalkingAnalysisTest	None		
N208 Takeoka 2011	MotorEvokedPotentialsTest	None		
N208 Takeoka 2011	WalkingAnalysisTest	Higher		
N208 Takeoka 2011	WalkingAnalysisTest	Higher		
N208 Takeoka 2011	WalkingAnalysisTest	None		
N208 Takeoka 2011	WalkingAnalysisTest	None		
N208 Takeoka 2011	NeuronalChangesTest	Lower		
N208 Takeoka 2011	HindpawSensationTest	Lower		
N208 Takeoka 2011	NeuronalChangesTest	Higher		
N208 Takeoka 2011	WalkingAnalysisTest	Higher		
N208 Takeoka 2011	WalkingAnalysisTest	Higher		
N208 Takeoka 2011	NeuronalChangesTest	Higher		
N208 Takeoka 2011	WalkingAnalysisTest	Higher		
N208 Takeoka 2011	WalkingAnalysisTest	Higher		
N208 Takeoka 2011	WalkingAnalysisTest	Higher		
N208 Takeoka 2011	WalkingAnalysisTest	None		
N208 Takeoka 2011	WalkingAnalysisTest	Higher		
N208 Takeoka 2011	WalkingAnalysisTest	Higher		
N208 Takeoka 2011	WalkingAnalysisTest	Higher		
N208 Takeoka 2011	HindpawSensationTest	Lower		
N208 Takeoka 2011	WalkingAnalysisTest	None		
N208 Takeoka 2011	WalkingAnalysisTest	Higher		
N208 Takeoka 2011	WalkingAnalysisTest	Higher		
N208 Takeoka 2011	WalkingAnalysisTest	None		
N208 Takeoka 2011	WalkingAnalysisTest	None		
N208 Takeoka 2011	InflammationTest	None		
N208 Takeoka 2011	NeuronalChangesTest	None		
N208 Takeoka 2011	WalkingAnalysisTest	None		
N208 Takeoka 2011	NeuronalChangesTest	Higher		
N208 Takeoka 2011	WalkingAnalysisTest	Higher		
N208 Takeoka 2011	MotorEvokedPotentialsTest	None		
N208 Takeoka 2011	WalkingAnalysisTest	Higher		
N208 Takeoka 2011	NeuronalChangesTest	Higher		
N208 Takeoka 2011	WalkingAnalysisTest	None		
N208 Takeoka 2011	HindpawSensationTest	Lower		
N208 Takeoka 2011	WalkingAnalysisTest	None		
N208 Takeoka 2011	WalkingAnalysisTest	Higher		
N208 Takeoka 2011	WalkingAnalysisTest	Higher		
N208 Takeoka 2011	WalkingAnalysisTest	None		
N208 Takeoka 2011	WalkingAnalysisTest	Higher		
N208 Takeoka 2011	WalkingAnalysisTest	Higher		
N208 Takeoka 2011	InvestigationMethod	None		
N208 Takeoka 2011	WalkingAnalysisTest	None		
N209 Tharion 2011	MotorEvokedPotentialsTest	FasterIncrease		
N211 Toft 2012	LesionVolumeTest	Lower		
N211 Toft 2012	LesionVolumeTest	Lower		
N211 Toft 2012	LesionVolumeTest	ObservedDifference		
N211 Toft 2012	AxonalRegenerationTest	Lower		
N211 Toft 2012	LesionVolumeTest	Lower		
N211 Toft 2012	LesionVolumeTest	Lower		
N211 Toft 2012	AxonalRegenerationTest	Lower		
N211 Toft 2012	LesionVolumeTest	Lower		
N211 Toft 2012	LesionVolumeTest	Lower		
N211 Toft 2012	LesionVolumeTest	Lower		
N211 Toft 2012	LesionVolumeTest	Lower		
N211 Toft 2012	LesionVolumeTest	Lower		
N211 Toft 2012	AxonalRegenerationTest	Lower		
N211 Toft 2012	LesionVolumeTest	Lower		
N211 Toft 2012	AxonalRegenerationTest	Lower		
N211 Toft 2012	AxonalRegenerationTest	Lower		
N212 Torres-Esp¡n 2014	ThermalHyperalgesiaTest	None		
N212 Torres-Esp¡n 2014	HindpawSensationTest	None		
N212 Torres-Esp¡n 2014	AstrogliosisTest	None		
N212 Torres-Esp¡n 2014	TissueSparingTest	None		
N212 Torres-Esp¡n 2014	AutomatedGaitAnalysis	None		
N212 Torres-Esp¡n 2014	InflammationTest	None		
N212 Torres-Esp¡n 2014	AstrogliosisTest	None		
N212 Torres-Esp¡n 2014	ThermalHyperalgesiaTest	None		
N212 Torres-Esp¡n 2014	AutomatedGaitAnalysis	Higher		
N212 Torres-Esp¡n 2014	InflammationTest	Lower		
N212 Torres-Esp¡n 2014	InflammationTest	Lower		
N212 Torres-Esp¡n 2014	InflammationTest	Lower		
N212 Torres-Esp¡n 2014	ThermalHyperalgesiaTest	None		
N212 Torres-Esp¡n 2014	InflammationTest	Lower		
N212 Torres-Esp¡n 2014	ThermalHyperalgesiaTest	None		
N212 Torres-Esp¡n 2014	TissueSparingTest	None		
N212 Torres-Esp¡n 2014	NeuroprotectionTest	None		
N212 Torres-Esp¡n 2014	BBBTest	None		
N212 Torres-Esp¡n 2014	AutomatedGaitAnalysis	Higher		
N212 Torres-Esp¡n 2014	AutomatedGaitAnalysis	Higher		
N212 Torres-Esp¡n 2014	MotorEvokedPotentialsTest	Higher		
N212 Torres-Esp¡n 2014	AstrogliosisTest	None		
N212 Torres-Esp¡n 2014	HindpawSensationTest	None		
N212 Torres-Esp¡n 2014	AutomatedGaitAnalysis	None		
N212 Torres-Esp¡n 2014	AutomatedGaitAnalysis	None		
N212 Torres-Esp¡n 2014	TissueSparingTest	None		
N212 Torres-Esp¡n 2014	BBBTest	None		
N212 Torres-Esp¡n 2014	AstrogliosisTest	None		
N212 Torres-Esp¡n 2014	HindpawSensationTest	None		
N212 Torres-Esp¡n 2014	BBBTest	None		
N212 Torres-Esp¡n 2014	BBBTest	None		
N212 Torres-Esp¡n 2014	AutomatedGaitAnalysis	None		
N212 Torres-Esp¡n 2014	NeuroprotectionTest	None		
N212 Torres-Esp¡n 2014	BBBTest	None		
N212 Torres-Esp¡n 2014	TissueSparingTest	None		
N212 Torres-Esp¡n 2014	MotorEvokedPotentialsTest	Higher		
N212 Torres-Esp¡n 2014	TissueSparingTest	None		
N212 Torres-Esp¡n 2014	NeuroprotectionTest	None		
N212 Torres-Esp¡n 2014	HReflexTest	FasterIncrease		
N212 Torres-Esp¡n 2014	AutomatedGaitAnalysis	None		
N212 Torres-Esp¡n 2014	BBBTest	None		
N212 Torres-Esp¡n 2014	AutomatedGaitAnalysis	None		
N212 Torres-Esp¡n 2014	InflammationTest	None		
N212 Torres-Esp¡n 2014	ThermalHyperalgesiaTest	None		
N212 Torres-Esp¡n 2014	HindpawSensationTest	None		
N212 Torres-Esp¡n 2014	TissueSparingTest	None		
N212 Torres-Esp¡n 2014	AstrogliosisTest	None		
N212 Torres-Esp¡n 2014	MotorEvokedPotentialsTest	Higher		
N212 Torres-Esp¡n 2014	ThermalHyperalgesiaTest	None		
N212 Torres-Esp¡n 2014	BBBTest	None		
N212 Torres-Esp¡n 2014	NeuroprotectionTest	None		
N212 Torres-Esp¡n 2014	TissueSparingTest	None		
N212 Torres-Esp¡n 2014	AstrogliosisTest	None		
N212 Torres-Esp¡n 2014	HindpawSensationTest	None		
N212 Torres-Esp¡n 2014	AutomatedGaitAnalysis	None		
N212 Torres-Esp¡n 2014	AutomatedGaitAnalysis	Higher		
N212 Torres-Esp¡n 2014	BBBTest	None		
N212 Torres-Esp¡n 2014	HReflexTest	FasterIncrease		
N212 Torres-Esp¡n 2014	InflammationTest	Lower		
N212 Torres-Esp¡n 2014	MotorEvokedPotentialsTest	Higher		
N212 Torres-Esp¡n 2014	HReflexTest	FasterIncrease		
N212 Torres-Esp¡n 2014	InflammationTest	Lower		
N212 Torres-Esp¡n 2014	AutomatedGaitAnalysis	None		
N212 Torres-Esp¡n 2014	TissueSparingTest	None		
N212 Torres-Esp¡n 2014	TissueSparingTest	None		
N212 Torres-Esp¡n 2014	TissueSparingTest	None		
N212 Torres-Esp¡n 2014	HindpawSensationTest	None		
N212 Torres-Esp¡n 2014	MotorEvokedPotentialsTest	None		
N212 Torres-Esp¡n 2014	BBBTest	None		
N215 Verdu 2001	AstrogliosisTest	FasterDecrease		
N215 Verdu 2001	HistologicalInvestigationTest	FasterDecrease		
N215 Verdu 2001	CystVolumeTest	FasterDecrease		
N215 Verdu 2001	AstrogliosisTest	None		
N216 Verdu 2003	ThermalHyperalgesiaTest	ObservedDifference		
N216 Verdu 2003	MotorEvokedPotentialsTest	ObservedDifference		
N216 Verdu 2003	AstrogliosisTest	Higher		
N216 Verdu 2003	TissueSparingTest			
N216 Verdu 2003	SomatosensoryEvokedPotentialsTest	Higher		
N216 Verdu 2003	SomatosensoryEvokedPotentialsTest	None		
N216 Verdu 2003	InclinedPlaneTest	Higher		
N218 Plant 2003	HistologicalInvestigationTest	None		
N218 Plant 2003	HistologicalInvestigationTest	None		
N218 Plant 2003	NeuronalChangesTest	Higher		
N218 Plant 2003	InvestigationMethod	ObservedDifference		
N218 Plant 2003	AxonalChangesTest	Higher		
N218 Plant 2003	InvestigationMethod	ObservedDifference		
N218 Plant 2003	NeuronalChangesTest	Higher		
N218 Plant 2003	NeuronalChangesTest	Higher		
N218 Plant 2003	InvestigationMethod	ObservedDifference		
N218 Plant 2003	HistologicalInvestigationTest	None		
N218 Plant 2003	NeuronalChangesTest	Higher		
N218 Plant 2003	NeuronalChangesTest	Higher		
N218 Plant 2003	NeuronalChangesTest	Higher		
N218 Plant 2003	AxonalChangesTest	Higher		
N218 Plant 2003	AxonalChangesTest	Higher		
N218 Plant 2003	NeuronalChangesTest	Higher		
N218 Plant 2003	NeuronalChangesTest	Higher		
N218 Plant 2003	AxonalChangesTest	Higher		
N218 Plant 2003	NeuronalChangesTest	Higher		
N218 Plant 2003	NeuronalChangesTest	Higher		
N218 Plant 2003	AxonalChangesTest	Higher		
N218 Plant 2003	AxonalChangesTest	Higher		
N218 Plant 2003	AxonalChangesTest	Higher		
N218 Plant 2003	HistologicalInvestigationTest	None		
N218 Plant 2003	NeuronalChangesTest	Higher		
N218 Plant 2003	NeuronalChangesTest	Higher		
N218 Plant 2003	NeuronalChangesTest	Higher		
N218 Plant 2003	NeuronalChangesTest	Higher		
N218 Plant 2003	NeuronalChangesTest	Higher		
N218 Plant 2003	NeuronalChangesTest	Higher		
N218 Plant 2003	NeuronalChangesTest	Higher		
N218 Plant 2003	AxonalChangesTest	Higher		
N218 Plant 2003	AxonalChangesTest	Higher		
N218 Plant 2003	HistologicalInvestigationTest	None		
N218 Plant 2003	AxonalChangesTest	Higher		
N218 Plant 2003	NeuronalChangesTest	Higher		
N218 Plant 2003	InvestigationMethod	ObservedDifference		
N218 Plant 2003	InvestigationMethod	ObservedDifference		
N218 Plant 2003	HistologicalInvestigationTest	None		
N218 Plant 2003	InvestigationMethod	ObservedDifference		
N218 Plant 2003	NeuronalChangesTest	Higher		
N218 Plant 2003	NeuronalChangesTest	Higher		
N218 Plant 2003	NeuronalChangesTest	Higher		
N218 Plant 2003	AxonalChangesTest	Higher		
N218 Plant 2003	NeuronalChangesTest	Higher		
N218 Plant 2003	NeuronalChangesTest	Higher		
N218 Plant 2003	InvestigationMethod	ObservedDifference		
N218 Plant 2003	AxonalChangesTest	Higher		
N218 Plant 2003	NeuronalChangesTest	None		
N219 Ramón-Cueto 1998	AxonalRegenerationTest	Lower		
N219 Ramón-Cueto 1998	AxonalRegenerationTest	None		
N219 Ramón-Cueto 1998	AxonalRegenerationTest	ObservedDifference		
N219 Ramón-Cueto 1998	AxonalRegenerationTest	None		
N219 Ramón-Cueto 1998	AxonalRegenerationTest	ObservedDifference		
N220 Ruitenberg 2003	AxonalChangesTest	None		
N220 Ruitenberg 2003	WalkingAnalysisTest	ObservedDifference		
N220 Ruitenberg 2003	MotorEvokedPotentialsTest	None		
N220 Ruitenberg 2003	WalkingAnalysisTest	Lower		
N220 Ruitenberg 2003	AxonalChangesTest	None		
N220 Ruitenberg 2003	WalkingAnalysisTest	ObservedDifference		
N220 Ruitenberg 2003	LesionVolumeTest	Lower		
N220 Ruitenberg 2003	AxonalSproutingTest			
N220 Ruitenberg 2003	WalkingAnalysisTest	Lower		
N220 Ruitenberg 2003	AxonalChangesTest	None		
N220 Ruitenberg 2003	AxonalChangesTest	None		
N220 Ruitenberg 2003	WalkingAnalysisTest	Higher		
N220 Ruitenberg 2003	LesionVolumeTest	Lower		
N220 Ruitenberg 2003	WalkingAnalysisTest	ObservedDifference		
N220 Ruitenberg 2003	MotorEvokedPotentialsTest	None		
N220 Ruitenberg 2003	WalkingAnalysisTest	None		
N220 Ruitenberg 2003	MotorEvokedPotentialsTest	None		
N220 Ruitenberg 2003	AxonalChangesTest	None		
N220 Ruitenberg 2003	MotorEvokedPotentialsTest	None		
N220 Ruitenberg 2003	WalkingAnalysisTest	Lower		
N220 Ruitenberg 2003	AxonalChangesTest	None		
N220 Ruitenberg 2003	AxonalChangesTest	None		
N220 Ruitenberg 2003	AxonalChangesTest	None		
N220 Ruitenberg 2003	WalkingAnalysisTest	Lower		
N220 Ruitenberg 2003	WalkingAnalysisTest	None		
N220 Ruitenberg 2003	WalkingAnalysisTest	ObservedDifference		
N220 Ruitenberg 2003	WalkingAnalysisTest	Lower		
N220 Ruitenberg 2003	MotorEvokedPotentialsTest	None		
N220 Ruitenberg 2003	WalkingAnalysisTest	Higher		
N220 Ruitenberg 2003	WalkingAnalysisTest	ObservedDifference		
N220 Ruitenberg 2003	AxonalSproutingTest	None		
N220 Ruitenberg 2003	LesionVolumeTest	Lower		
N220 Ruitenberg 2003	AxonalSproutingTest			
N220 Ruitenberg 2003	AxonalChangesTest	None		
N220 Ruitenberg 2003	WalkingAnalysisTest	Lower		
N220 Ruitenberg 2003	AxonalSproutingTest			
N220 Ruitenberg 2003	AxonalChangesTest	None		
N220 Ruitenberg 2003	WalkingAnalysisTest	Higher		
N220 Ruitenberg 2003	WalkingAnalysisTest	ObservedDifference		
N220 Ruitenberg 2003	WalkingAnalysisTest	Lower		
N220 Ruitenberg 2003	AxonalChangesTest	None		
N220 Ruitenberg 2003	WalkingAnalysisTest	Lower		
N220 Ruitenberg 2003	MotorEvokedPotentialsTest	None		
N220 Ruitenberg 2003	WalkingAnalysisTest	Lower		
N220 Ruitenberg 2003	WalkingAnalysisTest	Lower		
N220 Ruitenberg 2003	AxonalChangesTest	None		
N220 Ruitenberg 2003	WalkingAnalysisTest			
N220 Ruitenberg 2003	AxonalSproutingTest			
N220 Ruitenberg 2003	WalkingAnalysisTest	Lower		
N220 Ruitenberg 2003	MotorEvokedPotentialsTest	None		
N220 Ruitenberg 2003	MotorEvokedPotentialsTest	None		
N220 Ruitenberg 2003	MotorEvokedPotentialsTest	None		
N220 Ruitenberg 2003	AxonalSproutingTest			
N220 Ruitenberg 2003	AxonalChangesTest	None		
N220 Ruitenberg 2003	WalkingAnalysisTest	Lower		
N220 Ruitenberg 2003	WalkingAnalysisTest	Lower		
N220 Ruitenberg 2003	WalkingAnalysisTest	Higher		
N220 Ruitenberg 2003	AxonalChangesTest	None		
N220 Ruitenberg 2003	MotorEvokedPotentialsTest	None		
N220 Ruitenberg 2003	MotorEvokedPotentialsTest	None		
N220 Ruitenberg 2003	LesionVolumeTest	Lower		
N220 Ruitenberg 2003	AxonalChangesTest	None		
N220 Ruitenberg 2003	AxonalChangesTest	None		
N220 Ruitenberg 2003	MotorEvokedPotentialsTest	None		
N220 Ruitenberg 2003	WalkingAnalysisTest			
N220 Ruitenberg 2003	WalkingAnalysisTest	Lower		
N220 Ruitenberg 2003	AxonalChangesTest	None		
N220 Ruitenberg 2003	MotorEvokedPotentialsTest	None		
N220 Ruitenberg 2003	WalkingAnalysisTest	ObservedDifference		
N220 Ruitenberg 2003	WalkingAnalysisTest	ObservedDifference		
N220 Ruitenberg 2003	WalkingAnalysisTest	ObservedDifference		
N220 Ruitenberg 2003	LesionVolumeTest	Lower		
N220 Ruitenberg 2003	MotorEvokedPotentialsTest	None		
N220 Ruitenberg 2003	AxonalSproutingTest			
N220 Ruitenberg 2003	AxonalChangesTest	None		
N220 Ruitenberg 2003	WalkingAnalysisTest	ObservedDifference		
N220 Ruitenberg 2003	WalkingAnalysisTest	Lower		
N220 Ruitenberg 2003	WalkingAnalysisTest	Lower		
N220 Ruitenberg 2003	WalkingAnalysisTest	Lower		
N220 Ruitenberg 2003	WalkingAnalysisTest	ObservedDifference		
N220 Ruitenberg 2003	WalkingAnalysisTest	ObservedDifference		
N220 Ruitenberg 2003	WalkingAnalysisTest	ObservedDifference		
N220 Ruitenberg 2003	WalkingAnalysisTest	ObservedDifference		
N220 Ruitenberg 2003	WalkingAnalysisTest	Higher		
N220 Ruitenberg 2003	WalkingAnalysisTest	Higher		
N220 Ruitenberg 2003	WalkingAnalysisTest	ObservedDifference		
N220 Ruitenberg 2003	WalkingAnalysisTest	Lower		
N220 Ruitenberg 2003	MotorEvokedPotentialsTest	None		
N220 Ruitenberg 2003	AxonalSproutingTest			
N220 Ruitenberg 2003	WalkingAnalysisTest	Lower		
N220 Ruitenberg 2003	WalkingAnalysisTest			
N220 Ruitenberg 2003	AxonalSproutingTest			
N221 Takami 2002	AxonalRegenerationTest	None		
N221 Takami 2002	AstrogliosisTest	Higher		
N221 Takami 2002	AngiogenesisTest	None		
N221 Takami 2002	AxonalRegenerationTest	None		
N221 Takami 2002	BBBTest			
N221 Takami 2002	AxonalSproutingTest	None		
N221 Takami 2002	AxonalRegenerationTest	None		
N221 Takami 2002	AxonalRegenerationTest	None		
N221 Takami 2002	HistologicalInvestigationTest	Higher		
N221 Takami 2002	AngiogenesisTest	None		
N221 Takami 2002	AngiogenesisTest	None		
N221 Takami 2002	AxonalRegenerationTest	None		
N221 Takami 2002	AxonalSproutingTest	None		
N221 Takami 2002	AxonalSproutingTest	None		
N221 Takami 2002	AxonalChangesTest	Higher		
N221 Takami 2002	AxonalChangesTest	None		
N221 Takami 2002	AxonalChangesTest	Higher		
N221 Takami 2002	AxonalSproutingTest	None		
N221 Takami 2002	AxonalChangesTest	Higher		
N221 Takami 2002	AxonalChangesTest	Higher		
N221 Takami 2002	MyelinationTest	Higher		
N221 Takami 2002	AxonalSproutingTest	None		
N221 Takami 2002	AxonalChangesTest	Higher		
N221 Takami 2002	AngiogenesisTest	None		
N221 Takami 2002	MyelinationTest	Higher		
N221 Takami 2002	AxonalChangesTest	None		
N221 Takami 2002	AngiogenesisTest	None		
N221 Takami 2002	AxonalRegenerationTest	None		
N221 Takami 2002	HistologicalInvestigationTest	Higher		
N221 Takami 2002	MyelinationTest	Higher		
N221 Takami 2002	AxonalSproutingTest	None		
N221 Takami 2002	AngiogenesisTest	None		
N223 Wu 2008	NeuronalChangesTest	Higher		
N223 Wu 2008	NeuronalChangesTest	Higher		
N223 Wu 2008	NeuronalChangesTest	Higher		
N223 Wu 2008	InvestigationMethod	ObservedDifference		
N224 Wu 2015	ProteinLevelAnalysis	Lower		
N224 Wu 2015	ApoptosisTest	Lower		
N224 Wu 2015	ProteinLevelAnalysis	ObservedDifference		
N224 Wu 2015	ProteinLevelAnalysis	Higher		
N224 Wu 2015	CystVolumeTest	Lower		
N224 Wu 2015	ProteinLevelAnalysis	ObservedDifference		
N224 Wu 2015	ApoptosisTest	ObservedDifference		
N224 Wu 2015	ProteinLevelAnalysis	ObservedDifference		
N224 Wu 2015	ProteinLevelAnalysis	Higher		
N224 Wu 2015	BodyWeightExamination	Higher		
N224 Wu 2015	CystVolumeTest	Lower		
N224 Wu 2015	ProteinLevelAnalysis	Higher		
N224 Wu 2015	ProteinLevelAnalysis	Lower		
N224 Wu 2015	BodyWeightExamination	Higher		
N224 Wu 2015	ProteinLevelAnalysis	ObservedDifference		
N224 Wu 2015	ProteinLevelAnalysis	Higher		
N224 Wu 2015	ProteinLevelAnalysis	Lower		
N224 Wu 2015	ProteinLevelAnalysis	Lower		
N224 Wu 2015	ApoptosisTest	Lower		
N224 Wu 2015	BodyWeightExamination	Higher		
N224 Wu 2015	ProteinLevelAnalysis	Lower		
N224 Wu 2015	ProteinLevelAnalysis	ObservedDifference		
N224 Wu 2015	ProteinLevelAnalysis	Lower		
N224 Wu 2015	ApoptosisTest	ObservedDifference		
N224 Wu 2015	ProteinLevelAnalysis	Higher		
N224 Wu 2015	ProteinLevelAnalysis	Lower		
N224 Wu 2015	ProteinLevelAnalysis	Lower		
N224 Wu 2015	ApoptosisTest	ObservedDifference		
N224 Wu 2015	ApoptosisTest	Lower		
N224 Wu 2015	ApoptosisTest	ObservedDifference		
N224 Wu 2015	ApoptosisTest	Lower		
N224 Wu 2015	ProteinLevelAnalysis	Lower		
N224 Wu 2015	ProteinLevelAnalysis	Lower		
N224 Wu 2015	ProteinLevelAnalysis	Higher		
N224 Wu 2015	ProteinLevelAnalysis	Higher		
N224 Wu 2015	ProteinLevelAnalysis	ObservedDifference		
N224 Wu 2015	ProteinLevelAnalysis	Higher		
N224 Wu 2015	ApoptosisTest	Lower		
N224 Wu 2015	ProteinLevelAnalysis	Lower		
N224 Wu 2015	ProteinLevelAnalysis	ObservedDifference		
N224 Wu 2015	ProteinLevelAnalysis	Lower		
N224 Wu 2015	ProteinLevelAnalysis	Higher		
N224 Wu 2015	ProteinLevelAnalysis	Higher		
N224 Wu 2015	ProteinLevelAnalysis	Higher		
N224 Wu 2015	ProteinLevelAnalysis	ObservedDifference		
N224 Wu 2015	ProteinLevelAnalysis	Lower		
N224 Wu 2015	BodyWeightExamination	Higher		
N224 Wu 2015	ProteinLevelAnalysis	ObservedDifference		
N224 Wu 2015	ProteinLevelAnalysis	Higher		
N224 Wu 2015	ProteinLevelAnalysis	Higher		
N224 Wu 2015	ProteinLevelAnalysis	Lower		
N224 Wu 2015	CystVolumeTest	Lower		
N224 Wu 2015	BodyWeightExamination	Higher		
N224 Wu 2015	ProteinLevelAnalysis	Lower		
N224 Wu 2015	ProteinLevelAnalysis	Lower		
N224 Wu 2015	ProteinLevelAnalysis	ObservedDifference		
N224 Wu 2015	ProteinLevelAnalysis	Higher		
N225 Xiao 2005	NeuroprotectionTest	None		
N225 Xiao 2005	NeuroprotectionTest	Lower		
N225 Xiao 2005	NeuronalChangesTest	Higher		
N225 Xiao 2005	NeuroprotectionTest	Lower		
N225 Xiao 2005	NeuronalChangesTest	None		
N225 Xiao 2005	RearingTest			
N225 Xiao 2005	NeuronalChangesTest	Lower		
N225 Xiao 2005	AxonalRegenerationTest	Lower		
N225 Xiao 2005	NeuroprotectionTest	None		
N225 Xiao 2005	NeuronalChangesTest	Lower		
N225 Xiao 2005	NeuronalChangesTest	None		
N225 Xiao 2005	WalkingAnalysisTest	ObservedDifference		
N225 Xiao 2005	NeuronalChangesTest	Higher		
N225 Xiao 2005	NeuronalChangesTest	None		
N225 Xiao 2005	WalkingAnalysisTest	ObservedDifference		
N225 Xiao 2005	NeuroprotectionTest	Lower		
N225 Xiao 2005	NeuroprotectionTest	None		
N226 Xiao 2007	FunctionalTest	None		
N226 Xiao 2007	RearingTest	None		
N228 Yazdani 2012	AxonalChangesTest	Higher		
N228 Yazdani 2012	AxonalChangesTest	Higher		
N228 Yazdani 2012	CystVolumeTest	Lower		
N228 Yazdani 2012	CystVolumeTest	Lower		
N228 Yazdani 2012	AxonalChangesTest	Higher		
N228 Yazdani 2012	CystVolumeTest	Lower		
N228 Yazdani 2012	InvestigationMethod	Higher		
N228 Yazdani 2012	MortalityObservation	ObservedDifference		
N228 Yazdani 2012	InvestigationMethod	Higher		
N228 Yazdani 2012	GroomingObservation	Higher		
N228 Yazdani 2012	GroomingObservation	Higher		
N228 Yazdani 2012	MortalityObservation	ObservedDifference		
N229 Yui 2014	HistologicalInvestigationTest	Lower		
N231 Zhang 2011	BBBTest	None		
N231 Zhang 2011	MyelinationTest	Higher		
N231 Zhang 2011	MyelinationTest	None		
N231 Zhang 2011	HistologicalInvestigationTest	Higher		
N231 Zhang 2011	BBBTest	None		
N231 Zhang 2011	BBBTest	None		
N231 Zhang 2011	CystVolumeTest	Lower		
N231 Zhang 2011	BBBTest	None		
N231 Zhang 2011	CystVolumeTest	Lower		
N231 Zhang 2011	BBBTest	None		
N231 Zhang 2011	BBBTest	None		
N231 Zhang 2011	HistologicalInvestigationTest	Higher		
N231 Zhang 2011	BBBTest	None		
N231 Zhang 2011	BBBTest	None		
N231 Zhang 2011	BBBTest	None		
N231 Zhang 2011	BBBTest	None		
N231 Zhang 2011	CystVolumeTest	Lower		
N231 Zhang 2011	BBBTest	None		
N231 Zhang 2011	CystVolumeTest	Lower		
N231 Zhang 2011	MyelinationTest	Higher		
N231 Zhang 2011	MyelinationTest	Higher		
N231 Zhang 2011	BBBTest	None		
N231 Zhang 2011	MyelinationTest	Higher		
N231 Zhang 2011	HistologicalInvestigationTest	Higher		
N231 Zhang 2011	BBBTest	None		
N231 Zhang 2011	HistologicalInvestigationTest	Higher		
N231 Zhang 2011	BBBTest	None		
N231 Zhang 2011	BBBTest	None		
N232 Zhang 2012	NeuronalChangesTest	Higher		
N232 Zhang 2012	NeuronalChangesTest	ObservedDifference		
N232 Zhang 2012	WalkingAnalysisTest	Higher		
N232 Zhang 2012	NeuronalChangesTest	Higher		
N232 Zhang 2012	WalkingAnalysisTest	Lower		
N232 Zhang 2012	BBBTest	ObservedDifference		
N232 Zhang 2012	MyelinationTest	ObservedDifference		
N232 Zhang 2012	NeuronalChangesTest	ObservedDifference		
N232 Zhang 2012	MyelinationTest	ObservedDifference		
N232 Zhang 2012	NeuronalChangesTest	Higher		
N232 Zhang 2012	NeuronalChangesTest	ObservedDifference		
N233 Zhang 2015	HistologicalInvestigationTest	None		
N233 Zhang 2015	BBBTest	ObservedDifference		
N233 Zhang 2015	GeneExpressionAnalysis	Higher		
N233 Zhang 2015	BBBTest	ObservedDifference		
N233 Zhang 2015	HistologicalInvestigationTest	Higher		
N233 Zhang 2015	HistologicalInvestigationTest	None		
N233 Zhang 2015	HistologicalInvestigationTest	Higher		
N233 Zhang 2015	BBBTest	ObservedDifference		
N233 Zhang 2015	GeneExpressionAnalysis	Higher		
N233 Zhang 2015	GeneExpressionAnalysis	None		
N233 Zhang 2015	GeneExpressionAnalysis	None		
N233 Zhang 2015	GeneExpressionAnalysis	None		
N233 Zhang 2015	BBBTest	ObservedDifference		
N233 Zhang 2015	HistologicalInvestigationTest	None		
N233 Zhang 2015	HistologicalInvestigationTest	Higher		
N233 Zhang 2015	GeneExpressionAnalysis	Higher		
N234 Zhang 2016	SomatosensoryEvokedPotentialsTest	FasterDecrease		
N234 Zhang 2016	InflammationTest	Lower		
N234 Zhang 2016	CystVolumeTest	Lower		
N234 Zhang 2016	ProteinLevelAnalysis	FasterIncrease		
N234 Zhang 2016	AstrogliosisTest	Lower		
N234 Zhang 2016	SomatosensoryEvokedPotentialsTest	FasterIncrease		
N234 Zhang 2016	ProteinLevelAnalysis	FasterDecrease		
N234 Zhang 2016	InflammationTest	FasterIncrease		
N234 Zhang 2016	ProteinLevelAnalysis	FasterDecrease		
N234 Zhang 2016	InflammationTest	FasterDecrease		
N234 Zhang 2016	SomatosensoryEvokedPotentialsTest	FasterIncrease		
N234 Zhang 2016	InflammationTest	Lower		
N234 Zhang 2016	InflammationTest	FasterDecrease		
N234 Zhang 2016	ProteinLevelAnalysis	Lower		
N234 Zhang 2016	SomatosensoryEvokedPotentialsTest	FasterDecrease		
N234 Zhang 2016	ProteinLevelAnalysis	FasterIncrease		
N234 Zhang 2016	SomatosensoryEvokedPotentialsTest	FasterDecrease		
N234 Zhang 2016	ProteinLevelAnalysis	FasterDecrease		
N234 Zhang 2016	CystVolumeTest	Lower		
N234 Zhang 2016	InflammationTest	FasterIncrease		
N234 Zhang 2016	ProteinLevelAnalysis	FasterDecrease		
N234 Zhang 2016	AstrogliosisTest	Lower		
N234 Zhang 2016	ProteinLevelAnalysis	Lower		
N234 Zhang 2016	InflammationTest	Lower		
N234 Zhang 2016	ProteinLevelAnalysis	FasterIncrease		
N234 Zhang 2016	SomatosensoryEvokedPotentialsTest	FasterIncrease		
N234 Zhang 2016	ProteinLevelAnalysis	Higher		
N234 Zhang 2016	InflammationTest	FasterIncrease		
N234 Zhang 2016	CystVolumeTest	Lower		
N234 Zhang 2016	ProteinLevelAnalysis	FasterDecrease		
N234 Zhang 2016	ProteinLevelAnalysis	Higher		
N234 Zhang 2016	AstrogliosisTest	Lower		
N234 Zhang 2016	ProteinLevelAnalysis	Lower		
N234 Zhang 2016	ProteinLevelAnalysis	Higher		
N234 Zhang 2016	ProteinLevelAnalysis	FasterDecrease		
N234 Zhang 2016	InflammationTest	FasterDecrease		
N243 Bretzner et al., 2010	AxonalDiebackTest	Lower		
N243 Bretzner et al., 2010	AxonalChangesTest	ObservedDifference		
N243 Bretzner et al., 2010	ThermalHyperalgesiaTest	Lower		
N243 Bretzner et al., 2010	SinglePelletReachingTest	ObservedDifference		
N243 Bretzner et al., 2010	SinglePelletReachingTest	ObservedDifference		
N243 Bretzner et al., 2010	ThermalHyperalgesiaTest	Lower		
N243 Bretzner et al., 2010	AxonalDiebackTest	Lower		
N243 Bretzner et al., 2010	AxonalDiebackTest	Lower		
N243 Bretzner et al., 2010	LesionVolumeTest	None		
N243 Bretzner et al., 2010	ThermalHyperalgesiaTest	Lower		
N243 Bretzner et al., 2010	SinglePelletReachingTest	ObservedDifference		
N243 Bretzner et al., 2010	AstrogliosisTest	Lower		
N243 Bretzner et al., 2010	ThermalHyperalgesiaTest	Lower		
N243 Bretzner et al., 2010	SinglePelletReachingTest	ObservedDifference		
N243 Bretzner et al., 2010	LesionVolumeTest	Lower		
N243 Bretzner et al., 2010	AxonalDiebackTest	Lower		
N243 Bretzner et al., 2010	AstrogliosisTest	Lower		
N243 Bretzner et al., 2010	SinglePelletReachingTest	ObservedDifference		
N243 Bretzner et al., 2010	AxonalChangesTest	ObservedDifference		
N243 Bretzner et al., 2010	SinglePelletReachingTest	ObservedDifference		
N243 Bretzner et al., 2010	AxonalChangesTest	ObservedDifference		
N243 Bretzner et al., 2010	AxonalChangesTest	ObservedDifference		
N243 Bretzner et al., 2010	AxonalChangesTest	ObservedDifference		
N243 Bretzner et al., 2010	LesionVolumeTest	Lower		
N243 Bretzner et al., 2010	SinglePelletReachingTest	ObservedDifference		
N243 Bretzner et al., 2010	AxonalChangesTest	ObservedDifference		
N243 Bretzner et al., 2010	AxonalChangesTest	ObservedDifference		
N243 Bretzner et al., 2010	AxonalDiebackTest	Lower		
N243 Bretzner et al., 2010	RearingTest			
N243 Bretzner et al., 2010	SinglePelletReachingTest	ObservedDifference		
N243 Bretzner et al., 2010	LesionVolumeTest	Lower		
N243 Bretzner et al., 2010	SinglePelletReachingTest	ObservedDifference		
N243 Bretzner et al., 2010	AxonalChangesTest	ObservedDifference		
N243 Bretzner et al., 2010	ThermalHyperalgesiaTest	Lower		
N243 Bretzner et al., 2010	LesionVolumeTest	None		
N243 Bretzner et al., 2010	AxonalChangesTest	ObservedDifference		
N243 Bretzner et al., 2010	AxonalChangesTest	ObservedDifference		
N243 Bretzner et al., 2010	SinglePelletReachingTest	ObservedDifference		
N243 Bretzner et al., 2010	AxonalChangesTest	ObservedDifference		
N243 Bretzner et al., 2010	AxonalRegenerationTest	None		
N243 Bretzner et al., 2010	AstrogliosisTest	Lower		
N243 Bretzner et al., 2010	SinglePelletReachingTest	ObservedDifference		
N243 Bretzner et al., 2010	SinglePelletReachingTest	ObservedDifference		
N243 Bretzner et al., 2010	AxonalChangesTest	ObservedDifference		
N243 Bretzner et al., 2010	AxonalChangesTest	ObservedDifference		
N243 Bretzner et al., 2010	ThermalHyperalgesiaTest	Lower		
N243 Bretzner et al., 2010	LesionVolumeTest	None		
N243 Bretzner et al., 2010	AxonalChangesTest	ObservedDifference		
N243 Bretzner et al., 2010	ThermalHyperalgesiaTest	Lower		
N243 Bretzner et al., 2010	AxonalChangesTest	ObservedDifference		
N243 Bretzner et al., 2010	AxonalChangesTest	ObservedDifference		
N243 Bretzner et al., 2010	ThermalHyperalgesiaTest	ObservedDifference		
N243 Bretzner et al., 2010	AxonalChangesTest	ObservedDifference		
N243 Bretzner et al., 2010	AxonalChangesTest	ObservedDifference		
N243 Bretzner et al., 2010	AxonalChangesTest	ObservedDifference		
N243 Bretzner et al., 2010	ThermalHyperalgesiaTest	Lower		
N243 Bretzner et al., 2010	LesionVolumeTest	Lower		
N243 Bretzner et al., 2010	AxonalDiebackTest	Lower		
N243 Bretzner et al., 2010	SinglePelletReachingTest	ObservedDifference		
N243 Bretzner et al., 2010	LesionVolumeTest	None		
N243 Bretzner et al., 2010	AxonalSproutingTest	ObservedDifference		
N243 Bretzner et al., 2010	AxonalChangesTest	ObservedDifference		
N243 Bretzner et al., 2010	SinglePelletReachingTest	ObservedDifference		
N243 Bretzner et al., 2010	AxonalChangesTest	Higher		
N243 Bretzner et al., 2010	SinglePelletReachingTest	ObservedDifference		
N243 Bretzner et al., 2010	AxonalChangesTest	Higher		
N243 Bretzner et al., 2010	AxonalChangesTest	ObservedDifference		
N244 Cloutier 2016	AutonomicDysreflexiaTest	ObservedDifference		
N244 Cloutier 2016	NeuronalChangesTest	Lower		
N244 Cloutier 2016	AutonomicDysreflexiaTest	None		
N244 Cloutier 2016	AutonomicDysreflexiaTest	None		
N244 Cloutier 2016	AutonomicDysreflexiaTest	ObservedDifference		
N244 Cloutier 2016	NeuronalChangesTest	Lower		
N244 Cloutier 2016	AutonomicDysreflexiaTest	Lower		
N244 Cloutier 2016	AutonomicDysreflexiaTest	Lower		
N244 Cloutier 2016	NeuronalChangesTest	Higher		
N246 Gu 2017	HistologicalInvestigationTest	ObservedDifference		
N246 Gu 2017	ImagingTest	Higher		
N246 Gu 2017	BBBTest	ObservedDifference		
N246 Gu 2017	ImagingTest	Higher		
N246 Gu 2017	HistologicalInvestigationTest	Higher		
N246 Gu 2017	ImagingTest	ObservedDifference		
N246 Gu 2017	HistologicalInvestigationTest	Higher		
N246 Gu 2017	ImagingTest	Higher		
N246 Gu 2017	AxonalRegenerationTest	ObservedDifference		
N246 Gu 2017	ImagingTest	ObservedDifference		
N246 Gu 2017	ImagingTest	Higher		
N246 Gu 2017	AxonalRegenerationTest	ObservedDifference		
N246 Gu 2017	BBBTest	ObservedDifference		
N246 Gu 2017	ImagingTest	ObservedDifference		
N246 Gu 2017	HistologicalInvestigationTest	ObservedDifference		
N246 Gu 2017	ImagingTest	Higher		
N246 Gu 2017	ImagingTest	ObservedDifference		
N246 Gu 2017	HistologicalInvestigationTest	ObservedDifference		
N246 Gu 2017	AxonalRegenerationTest	ObservedDifference		
N246 Gu 2017	BBBTest	ObservedDifference		
N246 Gu 2017	ImagingTest	Higher		
N246 Gu 2017	BBBTest	ObservedDifference		
N246 Gu 2017	ImagingTest	Higher		
N246 Gu 2017	ImagingTest	Higher		
N246 Gu 2017	BBBTest	ObservedDifference		
N246 Gu 2017	ProteinLevelAnalysis	ObservedDifference		
N246 Gu 2017	BBBTest	ObservedDifference		
N246 Gu 2017	ProteinLevelAnalysis	Higher		
N246 Gu 2017	ImagingTest	ObservedDifference		
N246 Gu 2017	ProteinLevelAnalysis	Higher		
N246 Gu 2017	ProteinLevelAnalysis	Higher		
N246 Gu 2017	BBBTest	ObservedDifference		
N246 Gu 2017	ImagingTest	Higher		
N248 Imaizumi	ElectrophysiologyTest	Lower		
N248 Imaizumi	ElectrophysiologyTest	None		
N248 Imaizumi	MyelinationTest	FasterIncrease		
N248 Imaizumi	ElectrophysiologyTest	Lower		
N248 Imaizumi	MyelinationTest	FasterIncrease		
N249 Khankan	HistologicalInvestigationTest	Higher		
N249 Khankan	NeuroprotectionTest	None		
N249 Khankan	HistologicalInvestigationTest	None		
N249 Khankan	AxonalChangesTest	Higher		
N249 Khankan	HistologicalInvestigationTest	Lower		
N249 Khankan	AxonalChangesTest	Higher		
N249 Khankan	HistologicalInvestigationTest	Lower		
N249 Khankan	InflammationTest	Higher		
N249 Khankan	InflammationTest	None		
N249 Khankan	HistologicalInvestigationTest	ObservedDifference		
N249 Khankan	AxonalChangesTest	Higher		
N249 Khankan	NeuroprotectionTest	None		
N249 Khankan	HistologicalInvestigationTest	Lower		
N249 Khankan	HistologicalInvestigationTest	Higher		
N249 Khankan	NeuroprotectionTest	None		
N249 Khankan	InflammationTest	None		
N249 Khankan	HistologicalInvestigationTest	Higher		
N249 Khankan	HistologicalInvestigationTest	ObservedDifference		
N249 Khankan	HistologicalInvestigationTest	Higher		
N249 Khankan	AxonalChangesTest	Lower		
N249 Khankan	HistologicalInvestigationTest	Lower		
N249 Khankan	AstrogliosisTest	None		
N249 Khankan	InflammationTest	FasterDecrease		
N249 Khankan	AxonalChangesTest	Higher		
N249 Khankan	AxonalChangesTest	Higher		
N249 Khankan	HistologicalInvestigationTest	Higher		
N249 Khankan	HistologicalInvestigationTest	Higher		
N249 Khankan	InflammationTest	Higher		
N249 Khankan	HistologicalInvestigationTest	Higher		
N249 Khankan	HistologicalInvestigationTest	None		
N249 Khankan	HistologicalInvestigationTest	Lower		
N249 Khankan	AstrogliosisTest	None		
N249 Khankan	HistologicalInvestigationTest	Higher		
N249 Khankan	InflammationTest	None		
N249 Khankan	HistologicalInvestigationTest	Higher		
N249 Khankan	AxonalChangesTest	Higher		
N249 Khankan	InflammationTest	Higher		
N249 Khankan	NeuroprotectionTest	Lower		
N249 Khankan	AxonalChangesTest	Higher		
N249 Khankan	HistologicalInvestigationTest	FasterDecrease		
N249 Khankan	NeuroprotectionTest	Lower		
N249 Khankan	AxonalChangesTest	Higher		
N249 Khankan	InflammationTest	Lower		
N249 Khankan	HistologicalInvestigationTest	Higher		
N249 Khankan	NeuroprotectionTest	Lower		
N249 Khankan	AxonalChangesTest	Higher		
N249 Khankan	HistologicalInvestigationTest	Higher		
N249 Khankan	AxonalChangesTest	None		
N249 Khankan	AxonalChangesTest	Higher		
N249 Khankan	HistologicalInvestigationTest	Higher		
N249 Khankan	HistologicalInvestigationTest	Higher		
N249 Khankan	AstrogliosisTest	None		
N249 Khankan	AxonalChangesTest	Higher		
N249 Khankan	NeuroprotectionTest	Lower		
N249 Khankan	InflammationTest	Higher		
N249 Khankan	HistologicalInvestigationTest	Higher		
N249 Khankan	AxonalChangesTest	Higher		
N249 Khankan	AstrogliosisTest	ObservedDifference		
N249 Khankan	HistologicalInvestigationTest	Higher		
N251 Nategh	HistologicalInvestigationTest	Higher		
N251 Nategh	BBBTest	ObservedDifference		
N251 Nategh	BBBTest	None		
N251 Nategh	BBBTest	None		
N251 Nategh	BBBTest	ObservedDifference		
N251 Nategh	BBBTest	ObservedDifference		
N251 Nategh	HistologicalInvestigationTest	Higher		
N251 Nategh	BBBTest	None		
N251 Nategh	HistologicalInvestigationTest	Higher		
N251 Nategh	BBBTest	None		
N251 Nategh	BBBTest	None		
N251 Nategh	HistologicalInvestigationTest	Higher		
N251 Nategh	BBBTest	None		
N251 Nategh	BBBTest	None		
N251 Nategh	BBBTest	ObservedDifference		
N251 Nategh	BBBTest	None		
N251 Nategh	BBBTest	None		
N251 Nategh	HistologicalInvestigationTest	Higher		
N253 Salehi 2009	MyelinationTest	Higher		
N253 Salehi 2009	BBBTest	None		
N253 Salehi 2009	MyelinationTest	Higher		
N253 Salehi 2009	BBBTest	None		
N253 Salehi 2009	BBBTest			
N253 Salehi 2009	BBBTest			
N253 Salehi 2009	MyelinationTest	Higher		
N253 Salehi 2009	BBBTest			
N253 Salehi 2009	BBBTest			
N253 Salehi 2009	BBBTest			
N253 Salehi 2009	MyelinationTest	Higher		
N253 Salehi 2009	MyelinationTest	Higher		
N253 Salehi 2009	MyelinationTest	Higher		
N253 Salehi 2009	TissueSparingTest	None		
N253 Salehi 2009	MyelinationTest	Higher		
N253 Salehi 2009	BBBTest	None		
N253 Salehi 2009	BBBTest			
N253 Salehi 2009	MyelinationTest	Higher		
N253 Salehi 2009	MyelinationTest	Higher		
N253 Salehi 2009	TissueSparingTest	None		
N254 Tsa 2017	InflammationTest	None		
N254 Tsa 2017	GaleRatingScoreTest	Lower		
N254 Tsa 2017	GaleRatingScoreTest	Lower		
N254 Tsa 2017	GaleRatingScoreTest	ObservedDifference		
N254 Tsa 2017	InflammationTest	Lower		
N254 Tsa 2017	BBBTest	None		
